key,area,populacao,pib_per_capita,total_uf,cidade_pct,uf_pct,camaro,cobalt,cruze,cruze_sport6,montana,onix,prisma,s10,spin,tracker,trailblazer
acreuna-GO,9419,22076,22389.59,3832,8.470628097073398e-5,0.03245944686798526,0,0,0.1,0.1,0.1,0.3,0.2,0.1,0,0.1,0
adamantina-SP,11768,35139,22168.60,33574,2.2870695862098174e-4,0.28439286773114225,0,0.07407407407407407,0.037037037037037035,0.1111111111111111,0,0.5185185185185185,0.037037037037037035,0.07407407407407407,0,0.07407407407407407,0.07407407407407407
agudos-SP,14475,36880,51928.14,33574,1.4400067765024777e-4,0.28439286773114225,0,0.058823529411764705,0.11764705882352941,0,0,0.8235294117647058,0,0,0,0,0
alexania-GO,16887,26770,25829.55,3832,2.5411884291220193e-5,0.03245944686798526,0,0.3333333333333333,0.3333333333333333,0,0,0,0,0.3333333333333333,0,0,0
alfenas-MG,26796,79707,22470.05,9290,4.743551734361103e-4,0.07869213502181187,0,0,0.08928571428571429,0.05357142857142857,0.07142857142857142,0.7142857142857143,0,0.017857142857142856,0,0.05357142857142857,0
altamira-PA,45933,111435,29183.14,1262,5.505908263097708e-4,0.010689932658506629,0,0,0.06153846153846154,0,0.015384615384615385,0.8,0.046153846153846156,0.06153846153846154,0,0.015384615384615385,0
americana-SP,79744,233868,44046.60,33574,0.002422599635762992,0.28439286773114225,0,0.05244755244755245,0.08391608391608392,0.04895104895104895,0.027972027972027972,0.6258741258741258,0.017482517482517484,0.027972027972027972,0.04195804195804196,0.04895104895104895,0.024475524475524476
amparo-SP,36113,71193,45868.35,33574,8.470628097073398e-6,0.28439286773114225,0,0,0,0,0,0,0,1,0,0,0
ampere-PR,7857,18886,22391.86,9310,5.9294396679513786e-5,0.07886154758375334,0,0,0,0.2857142857142857,0.14285714285714285,0.14285714285714285,0,0.14285714285714285,0,0.14285714285714285,0.14285714285714285
anapolis-GO,152267,375142,33691.62,3832,0.0011858879335902757,0.03245944686798526,0,0.05,0.07857142857142857,0.02142857142857143,0.03571428571428571,0.5714285714285714,0.09285714285714286,0.05714285714285714,0.014285714285714285,0.05714285714285714,0.02142857142857143
andradina-SP,31083,57350,34575.77,33574,4.743551734361103e-4,0.28439286773114225,0,0.03571428571428571,0.08928571428571429,0.07142857142857142,0.017857142857142856,0.6607142857142857,0.03571428571428571,0.03571428571428571,0.03571428571428571,0.017857142857142856,0
angelica-MS,9067,10458,43858.29,1362,2.5411884291220193e-5,0.011536995468213969,0,0.3333333333333333,0,0,0,0.6666666666666666,0,0,0,0,0
angra dos reis-RJ,65800,194619,33699.58,8616,8.640040659014866e-4,0.0729829316843844,0.0196078431372549,0.0392156862745098,0.09803921568627451,0.0392156862745098,0,0.5098039215686274,0.09803921568627451,0.0196078431372549,0.11764705882352941,0.058823529411764705,0
aparecida-SP,10737,36279,20746.15,33574,1.6941256194146795e-5,0.28439286773114225,0,0,0,0,0,0,0,1,0,0,0
aparecida do taboado-MS,14280,25072,33659.00,1362,1.1858879335902757e-4,0.011536995468213969,0,0,0.14285714285714285,0,0,0.42857142857142855,0,0.2857142857142857,0,0,0.14285714285714285
aracaju-SE,115108,650106,22646.67,926,0.005971792808436746,0.007843801617889966,0.00425531914893617,0.05390070921985816,0.06950354609929078,0.024113475177304965,0.00851063829787234,0.5943262411347517,0.07375886524822695,0.04397163120567376,0.029787234042553193,0.06382978723404255,0.03404255319148936
aracatuba-SP,67787,194874,29448.51,33574,0.0016348312227351658,0.28439286773114225,0,0.03626943005181347,0.07253886010362694,0.07253886010362694,0.010362694300518135,0.5440414507772021,0.03626943005181347,0.07253886010362694,0.025906735751295335,0.015544041450777202,0.11398963730569948
aracruz-ES,29420,98393,56955.65,1816,5.082376858244039e-4,0.015382660624285291,0,0.08333333333333333,0.13333333333333333,0.06666666666666667,0,0.35,0.15,0.16666666666666666,0.016666666666666666,0.016666666666666666,0.016666666666666666
araguari-MG,48515,117445,24881.13,9290,5.082376858244039e-4,0.07869213502181187,0,0,0.08333333333333333,0.03333333333333333,0.1,0.6333333333333333,0,0.13333333333333333,0,0,0.016666666666666666
arapongas-PR,57646,118477,34057.43,9310,4.91296429630257e-4,0.07886154758375334,0.05172413793103448,0.08620689655172414,0.1896551724137931,0.08620689655172414,0,0.3448275862068966,0.05172413793103448,0.06896551724137931,0,0.08620689655172414,0.034482758620689655
araquari-SC,21893,35268,33879.31,7714,6.776502477658718e-5,0.0653424251408242,0,0,0.25,0,0,0.75,0,0,0,0,0
araraquara-SP,80845,230770,33394.40,33574,0.0022447164457244503,0.28439286773114225,0.0037735849056603774,0.03773584905660377,0.06792452830188679,0.06415094339622641,0.011320754716981131,0.6754716981132075,0.007547169811320755,0.04905660377358491,0.03773584905660377,0.045283018867924525,0
araras-SP,34094,131282,33567.59,33574,0.0013468298674346702,0.28439286773114225,0,0.018867924528301886,0.0880503144654088,0.050314465408805034,0.031446540880503145,0.7295597484276729,0,0.006289308176100629,0.031446540880503145,0.03773584905660377,0.006289308176100629
araucaria-PR,66747,137452,56965.26,9310,6.776502477658719e-4,0.07886154758375334,0,0.075,0.1,0.0875,0.0875,0.475,0.025,0.025,0.025,0.1,0
araxa-MG,38915,104283,42414.63,9290,4.320020329507433e-4,0.07869213502181187,0,0.0392156862745098,0.0196078431372549,0.0392156862745098,0.0196078431372549,0.6666666666666666,0.0392156862745098,0.0784313725490196,0.0784313725490196,0.0196078431372549,0
arcos-MG,16240,39811,33251.69,9290,1.9482444623268816e-4,0.07869213502181187,0.043478260869565216,0.043478260869565216,0.13043478260869565,0.13043478260869565,0.043478260869565216,0.6086956521739131,0,0,0,0,0
aruja-SP,40474,86430,35344.96,33574,5.082376858244039e-4,0.28439286773114225,0,0.05,0.11666666666666667,0.016666666666666666,0.016666666666666666,0.5333333333333333,0.05,0.016666666666666666,0.05,0.1,0.05
assis-SP,33609,102924,24906.17,33574,0.0011435347931049087,0.28439286773114225,0.007407407407407408,0.044444444444444446,0.08888888888888889,0.05925925925925926,0.014814814814814815,0.5851851851851851,0.014814814814814815,0.044444444444444446,0.037037037037037035,0.044444444444444446,0.05925925925925926
assis chateaubriand-PR,23298,34064,26652.30,9310,3.3035449578586255e-4,0.07886154758375334,0,0.07692307692307693,0.15384615384615385,0.05128205128205128,0.15384615384615385,0.2564102564102564,0,0.23076923076923078,0,0.02564102564102564,0.05128205128205128
atibaia-SP,120231,139683,34934.38,33574,9.741222311634407e-4,0.28439286773114225,0,0.017391304347826087,0.034782608695652174,0.0782608695652174,0.008695652173913044,0.7043478260869566,0.043478260869565216,0.02608695652173913,0.06086956521739131,0.02608695652173913,0
avare-SP,40125,89479,21385.31,33574,6.522383634746516e-4,0.28439286773114225,0,0.05194805194805195,0.025974025974025976,0.03896103896103896,0.012987012987012988,0.6493506493506493,0.012987012987012988,0.06493506493506493,0.09090909090909091,0.025974025974025976,0.025974025974025976
balneario camboriu-SC,20578,135268,32105.78,7714,0.002380246495277625,0.0653424251408242,0.010676156583629894,0.042704626334519574,0.12811387900355872,0.1103202846975089,0.017793594306049824,0.49466192170818507,0.021352313167259787,0.03202846975088968,0.0498220640569395,0.0711743772241993,0.021352313167259787
balsas-MA,33785,94779,28204.86,1166,4.8282580153318367e-4,0.009876752361187582,0.03508771929824561,0,0.017543859649122806,0.017543859649122806,0,0.5964912280701754,0.03508771929824561,0.24561403508771928,0,0.03508771929824561,0.017543859649122806
barcarena-PA,50827,121190,26663.02,1262,1.3553004955317436e-4,0.010689932658506629,0,0,0.125,0,0,0.75,0.0625,0,0,0.0625,0
barra bonita-SP,10371,36331,28772.37,33574,1.6941256194146796e-4,0.28439286773114225,0,0.05,0.15,0.05,0,0.55,0,0,0,0.2,0
barra do bugres-MT,14209,33644,29869.59,2361,2.456482148151285e-4,0.019999152937190293,0,0.06896551724137931,0,0,0,0.2413793103448276,0.1724137931034483,0.4827586206896552,0,0.034482758620689655,0
barra do garcas-MT,41346,58974,21144.65,2361,4.91296429630257e-4,0.019999152937190293,0,0.017241379310344827,0.034482758620689655,0,0,0.5,0.08620689655172414,0.25862068965517243,0.017241379310344827,0.017241379310344827,0.06896551724137931
barra mansa-RJ,57070,179451,28004.86,8616,5.505908263097708e-4,0.0729829316843844,0,0.046153846153846156,0.07692307692307693,0.06153846153846154,0.015384615384615385,0.5538461538461539,0.09230769230769231,0.015384615384615385,0.06153846153846154,0.07692307692307693,0
barretos-SP,55026,120638,28418.69,33574,0.001380712379822964,0.28439286773114225,0,0.06134969325153374,0.08588957055214724,0.04294478527607362,0.012269938650306749,0.5521472392638037,0.012269938650306749,0.05521472392638037,0.012269938650306749,0.03680981595092025,0.12883435582822086
barueri-SP,54710,267534,171831.09,33574,0.0017110668756088263,0.28439286773114225,0.009900990099009901,0.039603960396039604,0.034653465346534656,0.034653465346534656,0.04950495049504951,0.5742574257425742,0.06435643564356436,0.019801980198019802,0.0594059405940594,0.0891089108910891,0.024752475247524754
batatais-SP,23095,61480,23236.62,33574,4.658845453390369e-4,0.28439286773114225,0,0.03636363636363636,0.03636363636363636,0,0,0.7818181818181819,0.01818181818181818,0.05454545454545454,0.01818181818181818,0.01818181818181818,0.03636363636363636
bauru-SP,136837,371690,28976.18,33574,0.0036084875693532677,0.28439286773114225,0.007042253521126761,0.06103286384976526,0.09859154929577464,0.06572769953051644,0.009389671361502348,0.5915492957746479,0.009389671361502348,0.035211267605633804,0.03051643192488263,0.03755868544600939,0.0539906103286385
bebedouro-SP,25255,77761,30090.36,33574,9.402397187751472e-4,0.28439286773114225,0,0.07207207207207207,0.06306306306306306,0.05405405405405406,0.018018018018018018,0.6666666666666666,0.009009009009009009,0.04504504504504504,0,0.036036036036036036,0.036036036036036036
belo horizonte-MG,314280,2523794,32844.41,9290,0.01842361611113464,0.07869213502181187,0.004597701149425287,0.033563218390804596,0.06344827586206897,0.06022988505747127,0.011494252873563218,0.6795402298850575,0.03402298850574713,0.019310344827586208,0.03494252873563218,0.05103448275862069,0.007816091954022988
bento goncalves-RS,55191,115069,42528.93,9336,0.0011350641650078354,0.07908178391427724,0,0.029850746268656716,0.11194029850746269,0.17164179104477612,0.05970149253731343,0.47761194029850745,0.06716417910447761,0.029850746268656716,0.022388059701492536,0.029850746268656716,0
bertioga-SP,58823,59297,28303.03,33574,1.5247130574732118e-4,0.28439286773114225,0.05555555555555555,0.05555555555555555,0,0.05555555555555555,0,0.6666666666666666,0,0.05555555555555555,0.1111111111111111,0,0
betim-MG,147359,427146,55338.50,9290,7.03062132057092e-4,0.07869213502181187,0,0.03614457831325301,0.03614457831325301,0.024096385542168676,0,0.7831325301204819,0.04819277108433735,0.03614457831325301,0,0.03614457831325301,0
biguacu-SC,22419,66558,22212.83,7714,3.727076362712295e-4,0.0653424251408242,0,0.022727272727272728,0.13636363636363635,0.045454545454545456,0.022727272727272728,0.6136363636363636,0.11363636363636363,0,0.022727272727272728,0.022727272727272728,0
birigui-SP,35719,120692,22301.28,33574,6.014145948922112e-4,0.28439286773114225,0,0.056338028169014086,0.08450704225352113,0.056338028169014086,0.014084507042253521,0.5774647887323944,0.014084507042253521,0.056338028169014086,0,0.056338028169014086,0.08450704225352113
blumenau-SC,178127,348513,50200.00,7714,0.0034644868917030197,0.0653424251408242,0,0.022004889975550123,0.11246943765281174,0.05623471882640587,0.014669926650366748,0.5696821515892421,0.05623471882640587,0.029339853300733496,0.04156479217603912,0.08557457212713937,0.012224938875305624
boa vista-RR,132980,332020,21663.69,101,7.87768413027826e-4,8.555334378044132e-4,0,0.043010752688172046,0.053763440860215055,0.010752688172043012,0.043010752688172046,0.5161290322580645,0.06451612903225806,0.1935483870967742,0.06451612903225806,0,0.010752688172043012
boituva-SP,36453,57910,46684.41,33574,4.8282580153318367e-4,0.28439286773114225,0,0.017543859649122806,0.07017543859649122,0.05263157894736842,0,0.7017543859649122,0,0.03508771929824561,0.08771929824561403,0.017543859649122806,0.017543859649122806
bom jesus de goias-GO,7057,23998,26562.59,3832,2.5411884291220193e-5,0.03245944686798526,0,0,0.3333333333333333,0,0.3333333333333333,0,0,0.3333333333333333,0,0,0
botucatu-SP,87900,142546,27810.83,33574,0.0013722417517258905,0.28439286773114225,0,0.030864197530864196,0.08641975308641975,0.024691358024691357,0.006172839506172839,0.6975308641975309,0.012345679012345678,0.018518518518518517,0.043209876543209874,0.06172839506172839,0.018518518518518517
braganca paulista-SP,86664,164163,27471.47,33574,9.741222311634407e-4,0.28439286773114225,0,0.06086956521739131,0.034782608695652174,0.05217391304347826,0.02608695652173913,0.6869565217391305,0.008695652173913044,0.02608695652173913,0.034782608695652174,0.034782608695652174,0.034782608695652174
brasilia-DF,888816,3039444,62859.43,2819,0.023819406208970394,0.023878700605649908,0.003200568990042674,0.04054054054054054,0.0864153627311522,0.060810810810810814,0.014935988620199146,0.5903271692745377,0.06792318634423898,0.0430298719772404,0.031294452347083924,0.04338549075391181,0.01813655761024182
brusque-SC,75861,128818,37650.07,7714,0.0017618906441912669,0.0653424251408242,0.02403846153846154,0.014423076923076924,0.1201923076923077,0.07211538461538461,0.004807692307692308,0.4951923076923077,0.052884615384615384,0.04326923076923077,0.04326923076923077,0.1201923076923077,0.009615384615384616
buritis-MG,11329,24689,22270.26,NA,NA,NA,NA,NA,NA,NA,NA,NA,NA,NA,NA,NA,NA
cabedelo-PB,17733,68033,32977.22,3726,4.8282580153318367e-4,0.03156156028969548,0,0.03508771929824561,0.07017543859649122,0.08771929824561403,0.03508771929824561,0.42105263157894735,0.05263157894736842,0.017543859649122806,0.03508771929824561,0.10526315789473684,0.14035087719298245
cabo de santo agostinho-PE,67049,204653,37530.14,3553,4.404726610478167e-4,0.030096141628901785,0,0.038461538461538464,0.019230769230769232,0,0,0.6346153846153846,0.1346153846153846,0.019230769230769232,0.15384615384615385,0,0
cabo frio-RJ,47633,216030,84225.68,8616,0.0012790648426580832,0.0729829316843844,0,0.052980132450331126,0.033112582781456956,0.013245033112582781,0.006622516556291391,0.6423841059602649,0.059602649006622516,0.013245033112582781,0.10596026490066225,0.06622516556291391,0.006622516556291391
cabreuva-SP,22979,47877,79705.27,33574,1.7788319003854134e-4,0.28439286773114225,0,0,0.09523809523809523,0,0,0.7619047619047619,0,0.047619047619047616,0.047619047619047616,0,0.047619047619047616
cacador-SC,32680,77323,34194.78,7714,5.844733386980645e-4,0.0653424251408242,0.014492753623188406,0.07246376811594203,0.14492753623188406,0.043478260869565216,0.08695652173913043,0.3333333333333333,0.10144927536231885,0.028985507246376812,0.028985507246376812,0.14492753623188406,0
cacapava-SP,41786,92587,37850.73,33574,9.487103468722206e-4,0.28439286773114225,0,0.044642857142857144,0.07142857142857142,0.026785714285714284,0.05357142857142857,0.5982142857142857,0.03571428571428571,0.026785714285714284,0.08035714285714286,0.05357142857142857,0.008928571428571428
cachoeira do sul-RS,46510,85495,21095.80,9336,8.047096692219728e-4,0.07908178391427724,0,0.021052631578947368,0.06315789473684211,0.031578947368421054,0.06315789473684211,0.5368421052631579,0.07368421052631578,0.15789473684210525,0.021052631578947368,0.031578947368421054,0
cachoeirinha-RS,29721,127318,45379.61,9336,8.470628097073398e-6,0.07908178391427724,0,0,0,0,0,0,0,1,0,0,0
cachoeiro de itapemirim-ES,56317,211649,20580.26,1816,5.251789420185507e-4,0.015382660624285291,0.016129032258064516,0.08064516129032258,0.0967741935483871,0.08064516129032258,0.016129032258064516,0.5,0.04838709677419355,0.03225806451612903,0.03225806451612903,0.06451612903225806,0.03225806451612903
caiaponia-GO,6358,18505,30273.54,3832,5.9294396679513786e-5,0.03245944686798526,0,0.14285714285714285,0,0,0.14285714285714285,0.2857142857142857,0.14285714285714285,0.2857142857142857,0,0,0
caieiras-SP,20753,98223,30206.05,33574,6.268264791834315e-4,0.28439286773114225,0.013513513513513514,0.04054054054054054,0,0.013513513513513514,0.02702702702702703,0.7972972972972973,0.02702702702702703,0.02702702702702703,0.013513513513513514,0.02702702702702703,0.013513513513513514
cajamar-SP,39792,73921,125437.27,33574,3.3882512388293593e-4,0.28439286773114225,0,0.075,0.025,0.025,0.025,0.675,0.025,0.075,0.025,0.025,0.025
caldas novas-GO,85692,84900,21689.73,3832,8.894159501927068e-4,0.03245944686798526,0,0.01904761904761905,0.14285714285714285,0.047619047619047616,0.02857142857142857,0.5142857142857142,0.0380952380952381,0.13333333333333333,0.02857142857142857,0.01904761904761905,0.02857142857142857
camacari-BA,206567,296893,53351.87,4640,9.741222311634407e-4,0.039303714370420566,0,0.08695652173913043,0.043478260869565216,0.05217391304347826,0.017391304347826087,0.591304347826087,0.06086956521739131,0.034782608695652174,0.06956521739130435,0.034782608695652174,0.008695652173913044
camaqua-RS,19362,66215,22645.17,9336,3.557663800770827e-4,0.07908178391427724,0.023809523809523808,0.047619047619047616,0,0.023809523809523808,0.07142857142857142,0.5714285714285714,0.09523809523809523,0.11904761904761904,0,0.023809523809523808,0.023809523809523808
cambe-PR,33229,105347,29620.30,9310,4.91296429630257e-4,0.07886154758375334,0,0.017241379310344827,0.05172413793103448,0.06896551724137931,0.017241379310344827,0.6896551724137931,0.06896551724137931,0.05172413793103448,0,0.017241379310344827,0.017241379310344827
campina grande do sul-PR,14026,42547,24049.68,9310,1.6941256194146796e-4,0.07886154758375334,0,0.1,0.1,0.05,0,0.55,0,0.1,0.1,0,0
campina verde-MG,5732,20079,21579.31,9290,1.4400067765024777e-4,0.07869213502181187,0,0.058823529411764705,0,0.058823529411764705,0,0.058823529411764705,0,0.7647058823529411,0,0.058823529411764705,0
campinas-SP,355757,1182429,44850.57,33574,0.012053703782135446,0.28439286773114225,0.0035137034434293743,0.025298664792691498,0.07378777231201687,0.05340829234012649,0.02108222066057625,0.6943078004216444,0.016163035839775124,0.02108222066057625,0.03865073787772312,0.04427266338721012,0.008432888264230498
campo bom-RS,22422,64914,34242.92,9336,3.811782643683029e-4,0.07908178391427724,0.022222222222222223,0.044444444444444446,0.044444444444444446,0.06666666666666667,0.022222222222222223,0.4666666666666667,0.15555555555555556,0.08888888888888889,0.022222222222222223,0.06666666666666667,0
campo grande-MS,332478,874210,24839.24,1362,0.0018889500656473677,0.011536995468213969,0,0,0,0,0,0,0.004484304932735426,0.9955156950672646,0,0,0
campo mourao-PR,33930,94153,27605.00,9310,0.0011858879335902757,0.07886154758375334,0,0.03571428571428571,0.15,0.03571428571428571,0.03571428571428571,0.37142857142857144,0.05714285714285714,0.20714285714285716,0.014285714285714285,0.06428571428571428,0.02857142857142857
campos dos goytacazes-RJ,222468,490288,122063.03,8616,0.0014569480326966245,0.0729829316843844,0,0.08139534883720931,0.09302325581395349,0.023255813953488372,0.011627906976744186,0.5465116279069767,0.09883720930232558,0.040697674418604654,0.05813953488372093,0.040697674418604654,0.005813953488372093
cananeia-SP,6148,12609,35753.16,33574,1.1858879335902757e-4,0.28439286773114225,0,0,0.07142857142857142,0.07142857142857142,0,0.7857142857142857,0.07142857142857142,0,0,0,0
canoas-RS,85467,343853,33828.32,9336,0.002448011520054212,0.07908178391427724,0,0.04152249134948097,0.08304498269896193,0.031141868512110725,0.0034602076124567475,0.5778546712802768,0.1384083044982699,0.01730103806228374,0.05190311418685121,0.05190311418685121,0.0034602076124567475
canoinhas-SC,27797,54403,24847.11,7714,8.131802973190462e-4,0.0653424251408242,0.020833333333333332,0.03125,0.11458333333333333,0.0625,0.08333333333333333,0.5104166666666666,0.020833333333333332,0.07291666666666667,0.03125,0.041666666666666664,0.010416666666666666
capao da canoa-RS,24920,48401,20709.18,9336,4.065901486595231e-4,0.07908178391427724,0,0.0625,0.041666666666666664,0.08333333333333333,0,0.5625,0.10416666666666667,0.020833333333333332,0.0625,0.0625,0
capivari-SP,20193,54298,29413.32,33574,5.421201982126974e-4,0.28439286773114225,0,0.015625,0.03125,0.0625,0.03125,0.703125,0.015625,0.0625,0.015625,0.015625,0.046875
caraguatatuba-SP,51825,116786,22088.41,33574,5.675320825039177e-4,0.28439286773114225,0,0.04477611940298507,0.05970149253731343,0.05970149253731343,0.029850746268656716,0.6268656716417911,0.014925373134328358,0.05970149253731343,0.029850746268656716,0.05970149253731343,0.014925373134328358
carazinho-RS,42374,62339,29458.55,9336,4.997670577273304e-4,0.07908178391427724,0,0.05084745762711865,0.1016949152542373,0.1016949152542373,0.03389830508474576,0.5423728813559322,0.01694915254237288,0.11864406779661017,0,0.03389830508474576,0
cascavel-PR,113204,319608,27496.01,9310,1.6094193384439456e-4,0.07886154758375334,0,0,0,0,0.05263157894736842,0,0,0.8947368421052632,0.05263157894736842,0,0
casimiro de abreu-RJ,8664,41999,105694.07,8616,8.470628097073398e-5,0.0729829316843844,0,0.1,0,0,0.1,0.5,0.1,0,0.2,0,0
castro-PR,21360,71501,28516.85,9310,7.538859006395324e-4,0.07886154758375334,0,0.02247191011235955,0.1348314606741573,0.033707865168539325,0.14606741573033707,0.3146067415730337,0.011235955056179775,0.23595505617977527,0.02247191011235955,0.06741573033707865,0.011235955056179775
catalao-GO,45369,102393,65235.86,3832,8.809453220956334e-4,0.03245944686798526,0,0.009615384615384616,0.09615384615384616,0.057692307692307696,0.019230769230769232,0.5480769230769231,0.038461538461538464,0.19230769230769232,0.009615384615384616,0.019230769230769232,0.009615384615384616
catanduva-SP,42295,120691,27409.77,33574,0.0011604760492990554,0.28439286773114225,0,0.021897810218978103,0.1386861313868613,0.08759124087591241,0.029197080291970802,0.5547445255474452,0.014598540145985401,0.029197080291970802,0.0072992700729927005,0.058394160583941604,0.058394160583941604
caxias do sul-RS,178282,483377,45883.07,9336,0.003921900808944983,0.07908178391427724,0.0021598272138228943,0.019438444924406047,0.07991360691144708,0.07991360691144708,0.02591792656587473,0.5658747300215983,0.08423326133909287,0.02591792656587473,0.032397408207343416,0.0755939524838013,0.008639308855291577
cerquilho-SP,13118,46733,33837.53,33574,3.642370081741561e-4,0.28439286773114225,0.023255813953488372,0.023255813953488372,0.20930232558139536,0.06976744186046512,0.046511627906976744,0.46511627906976744,0.023255813953488372,0.023255813953488372,0.06976744186046512,0.046511627906976744,0
chapadao do sul-MS,9690,23940,52716.20,1362,7.623565287366059e-5,0.011536995468213969,0,0.1111111111111111,0.1111111111111111,0.1111111111111111,0,0.2222222222222222,0,0.3333333333333333,0,0,0.1111111111111111
chapeco-SC,49745,213279,33411.42,7714,0.0021007157680742027,0.0653424251408242,0,0.06048387096774194,0.125,0.06048387096774194,0.020161290322580645,0.5282258064516129,0.06451612903225806,0.036290322580645164,0.024193548387096774,0.06451612903225806,0.016129032258064516
charqueadas-RS,16497,38899,26789.06,9336,1.8635381813561475e-4,0.07908178391427724,0,0,0.13636363636363635,0.045454545454545456,0,0.5,0.13636363636363635,0,0.045454545454545456,0.13636363636363635,0
chopinzinho-PR,15457,19911,21965.07,9310,5.0823768582440385e-5,0.07886154758375334,0,0,0.3333333333333333,0,0,0.5,0,0.16666666666666666,0,0,0
cianorte-PR,24178,79571,26214.75,9310,0.001253652958366863,0.07886154758375334,0.006756756756756757,0.006756756756756757,0.21621621621621623,0.06756756756756757,0.02027027027027027,0.3108108108108108,0.033783783783783786,0.12162162162162163,0.02702702702702703,0.10135135135135136,0.08783783783783784
coari-AM,10643,84762,55978.65,1059,8.470628097073398e-6,0.008970395154800729,0,0,0,0,0,0,1,0,0,0,0
colatina-ES,24622,124525,20891.24,1816,4.8282580153318367e-4,0.015382660624285291,0.03508771929824561,0.14035087719298245,0.08771929824561403,0.03508771929824561,0.03508771929824561,0.3333333333333333,0.017543859649122806,0.15789473684210525,0.05263157894736842,0.05263157894736842,0.05263157894736842
conceicao do mato dentro-MG,9639,18126,21072.37,9290,3.388251238829359e-5,0.07869213502181187,0,0,0.25,0,0,0.75,0,0,0,0,0
concordia-SC,33932,73766,32937.44,7714,4.320020329507433e-4,0.0653424251408242,0,0.058823529411764705,0.0392156862745098,0.1568627450980392,0.0784313725490196,0.3137254901960784,0.058823529411764705,0.11764705882352941,0.058823529411764705,0.058823529411764705,0.058823529411764705
congonhas-MG,36561,53843,66171.14,9290,1.6094193384439456e-4,0.07869213502181187,0,0.05263157894736842,0.05263157894736842,0.05263157894736842,0,0.631578947368421,0,0.05263157894736842,0.05263157894736842,0.10526315789473684,0
contagem-MG,123360,658580,37995.25,9290,0.0026004828258015334,0.07869213502181187,0,0.03908794788273615,0.035830618892508145,0.029315960912052116,0.006514657980456026,0.7882736156351792,0.04234527687296417,0.026058631921824105,0.016286644951140065,0.016286644951140065,0
cordeiropolis-SP,13739,23793,100432.56,33574,8.470628097073398e-5,0.28439286773114225,0,0,0.2,0.1,0.2,0.4,0,0,0.1,0,0
cornelio procopio-PR,15900,48677,24403.92,9310,2.8800135530049554e-4,0.07886154758375334,0.029411764705882353,0.029411764705882353,0.058823529411764705,0.029411764705882353,0.029411764705882353,0.5588235294117647,0.029411764705882353,0.08823529411764706,0.029411764705882353,0.08823529411764706,0.029411764705882353
corumba-MS,32544,109899,25923.22,1362,0.001126593536910762,0.011536995468213969,0.007518796992481203,0.06766917293233082,0.05263157894736842,0.015037593984962405,0.015037593984962405,0.5864661654135338,0.10526315789473684,0.09022556390977443,0.03759398496240601,0.007518796992481203,0.015037593984962405
coxim-MS,21719,33323,20394.77,1362,3.3882512388293593e-4,0.011536995468213969,0,0.075,0.05,0.025,0.1,0.425,0.05,0.25,0.025,0,0
criciuma-SC,114787,211369,27516.97,7714,0.0019313032061327347,0.0653424251408242,0.0043859649122807015,0.03070175438596491,0.08771929824561403,0.08771929824561403,0.013157894736842105,0.6228070175438597,0.02631578947368421,0.03070175438596491,0.013157894736842105,0.07456140350877193,0.008771929824561403
cristalina-GO,34002,55347,34481.11,3832,1.5247130574732118e-4,0.03245944686798526,0,0,0.2222222222222222,0,0,0.3888888888888889,0.05555555555555555,0.2222222222222222,0.05555555555555555,0.05555555555555555,0
crixas-GO,5992,16893,22262.11,3832,5.9294396679513786e-5,0.03245944686798526,0,0,0,0,0,0.7142857142857143,0.14285714285714285,0.14285714285714285,0,0,0
cruz alta-RS,43846,63463,41081.33,9336,5.082376858244039e-4,0.07908178391427724,0.016666666666666666,0.03333333333333333,0.08333333333333333,0,0.016666666666666666,0.48333333333333334,0.05,0.2,0.03333333333333333,0.06666666666666667,0.016666666666666666
cruzeiro-SP,15779,81724,23945.53,33574,5.760027106009911e-4,0.28439286773114225,0,0.07352941176470588,0.029411764705882353,0.04411764705882353,0,0.7352941176470589,0,0,0.029411764705882353,0.08823529411764706,0
cuiaba-MT,244127,590118,31016.19,2361,0.005514378891194782,0.019999152937190293,0,0.029185867895545316,0.04608294930875576,0.009216589861751152,0.007680491551459293,0.7019969278033794,0.06758832565284179,0.07219662058371736,0.013824884792626729,0.021505376344086023,0.030721966205837174
curitiba-PR,412004,1908359,42934.38,9310,0.022523400110118164,0.07886154758375334,0.0045129748025573525,0.04061677322301617,0.15043249341857842,0.09928544565626175,0.01805189921022941,0.4821361414065438,0.027077848815344113,0.028958254983076345,0.0710793531402783,0.06957502820609252,0.008273787138021812
curitibanos-SC,17293,39566,23883.55,7714,2.7953072720342216e-4,0.0653424251408242,0,0,0.06060606060606061,0.15151515151515152,0.030303030303030304,0.48484848484848486,0.06060606060606061,0.15151515151515152,0,0.06060606060606061,0
diadema-SP,27827,417869,33015.67,33574,0.0014230655203083308,0.28439286773114225,0,0.03571428571428571,0.023809523809523808,0.017857142857142856,0.041666666666666664,0.6964285714285714,0.06547619047619048,0.011904761904761904,0.09523809523809523,0.011904761904761904,0
dionisio cerqueira-SC,5563,15450,22316.58,7714,1.1011816526195418e-4,0.0653424251408242,0,0.07692307692307693,0.23076923076923078,0,0.07692307692307693,0.23076923076923078,0.15384615384615385,0.07692307692307693,0.07692307692307693,0,0.07692307692307693
divinopolis-MG,129250,234937,21819.86,9290,7.369446444453856e-4,0.07869213502181187,0,0.034482758620689655,0.11494252873563218,0.05747126436781609,0.034482758620689655,0.632183908045977,0.011494252873563218,0.09195402298850575,0.011494252873563218,0,0.011494252873563218
dom pedrito-RS,17144,39822,24472.77,9336,2.1176570242683495e-4,0.07908178391427724,0,0.04,0,0.12,0.12,0.36,0,0.28,0.04,0.04,0
dourados-MS,84125,218069,26908.71,1362,0.0013553004955317437,0.011536995468213969,0,0.05625,0.0875,0.0375,0.03125,0.46875,0.04375,0.21875,0.0125,0.01875,0.025
dracena-SP,14082,46324,21103.16,33574,3.3035449578586255e-4,0.28439286773114225,0,0.02564102564102564,0.02564102564102564,0,0,0.7692307692307693,0.02564102564102564,0.07692307692307693,0,0,0.07692307692307693
duque de caxias-RJ,175457,890997,28730.21,8616,0.0016009487103468723,0.0729829316843844,0,0.08465608465608465,0.042328042328042326,0.026455026455026454,0.010582010582010581,0.6137566137566137,0.08465608465608465,0.015873015873015872,0.06349206349206349,0.05291005291005291,0.005291005291005291
embu das artes-SP,35666,267054,31635.32,33574,0.0012197704459785694,0.28439286773114225,0,0.0763888888888889,0.020833333333333332,0.006944444444444444,0.041666666666666664,0.7013888888888888,0.0625,0.013888888888888888,0.05555555555555555,0.020833333333333332,0
encantado-RS,12609,22128,28268.58,9336,2.710600991063487e-4,0.07908178391427724,0,0.0625,0.0625,0.09375,0.03125,0.46875,0.03125,0.0625,0,0.09375,0.09375
erechim-RS,38381,103437,40111.80,9336,0.001168946677396129,0.07908178391427724,0,0.043478260869565216,0.09420289855072464,0.09420289855072464,0.007246376811594203,0.5289855072463768,0.028985507246376812,0.10869565217391304,0.007246376811594203,0.07246376811594203,0.014492753623188406
espirito santo do pinhal-SP,12189,44170,28391.23,33574,2.2870695862098174e-4,0.28439286773114225,0,0.037037037037037035,0.1111111111111111,0.037037037037037035,0,0.6666666666666666,0,0.07407407407407407,0,0.07407407407407407,0
estancia velha-RS,18846,47287,25258.92,9336,3.3035449578586255e-4,0.07908178391427724,0,0.05128205128205128,0.07692307692307693,0.05128205128205128,0,0.5641025641025641,0.10256410256410256,0,0.1282051282051282,0.02564102564102564,0
esteio-RS,16854,84237,33221.28,9336,6.352971072805048e-4,0.07908178391427724,0,0.013333333333333334,0.12,0.06666666666666667,0.013333333333333334,0.49333333333333335,0.17333333333333334,0.02666666666666667,0.05333333333333334,0.02666666666666667,0.013333333333333334
farroupilha-RS,26971,69542,35838.31,9336,4.320020329507433e-4,0.07908178391427724,0,0.0392156862745098,0.0784313725490196,0.0392156862745098,0.09803921568627451,0.5294117647058824,0.11764705882352941,0.0392156862745098,0.0196078431372549,0.0392156862745098,0
fernandopolis-SP,27201,68670,22608.09,33574,3.727076362712295e-4,0.28439286773114225,0,0.11363636363636363,0.11363636363636363,0.022727272727272728,0,0.6136363636363636,0.045454545454545456,0.045454545454545456,0,0.022727272727272728,0.022727272727272728
florianopolis-SC,153009,485838,32385.04,7714,0.00795391978315192,0.0653424251408242,0.003194888178913738,0.024494142705005325,0.134185303514377,0.07135250266240682,0.013844515441959531,0.5324813631522897,0.04046858359957402,0.006389776357827476,0.07561235356762513,0.08839190628328009,0.009584664536741214
foz do iguacu-PR,115901,264044,37482.77,9310,0.0019990682309093217,0.07886154758375334,0.00423728813559322,0.046610169491525424,0.1652542372881356,0.1016949152542373,0.01694915254237288,0.3940677966101695,0.0423728813559322,0.07203389830508475,0.07203389830508475,0.059322033898305086,0.025423728813559324
fraiburgo-SC,9420,36261,23171.22,7714,3.218838676887891e-4,0.0653424251408242,0,0.05263157894736842,0.15789473684210525,0.10526315789473684,0.02631578947368421,0.34210526315789475,0,0.13157894736842105,0.02631578947368421,0.07894736842105263,0.07894736842105263
franca-SP,80228,347237,21804.85,33574,0.0021007157680742027,0.28439286773114225,0,0.0967741935483871,0.08064516129032258,0.05241935483870968,0.024193548387096774,0.6129032258064516,0.024193548387096774,0.036290322580645164,0.028225806451612902,0.024193548387096774,0.020161290322580645
francisco beltrao-PR,28582,88465,24447.39,9310,5.082376858244039e-4,0.07886154758375334,0,0,0.23333333333333334,0.1,0.08333333333333333,0.36666666666666664,0.06666666666666667,0.1,0.016666666666666666,0,0.03333333333333333
fronteira-MG,7304,17072,32144.93,9290,2.5411884291220193e-5,0.07869213502181187,0,0,0,0.3333333333333333,0,0.6666666666666666,0,0,0,0,0
frutal-MG,16697,58770,21642.21,9290,2.8800135530049554e-4,0.07869213502181187,0,0.029411764705882353,0,0,0.058823529411764705,0.5,0,0.3235294117647059,0,0.058823529411764705,0.029411764705882353
gaspar-SC,27742,67392,29365.80,7714,3.896488924653763e-4,0.0653424251408242,0.021739130434782608,0.043478260869565216,0.06521739130434782,0.043478260869565216,0.021739130434782608,0.6521739130434783,0.021739130434782608,0.021739130434782608,0,0.06521739130434782,0.043478260869565216
goiania-GO,421517,1466105,29034.21,3832,0.014976070475625767,0.03245944686798526,0.007352941176470588,0.03789592760180995,0.05995475113122172,0.026583710407239818,0.02262443438914027,0.6402714932126696,0.057692307692307696,0.07918552036199095,0.01583710407239819,0.028846153846153848,0.023755656108597284
goiatuba-GO,14889,34312,34269.91,3832,2.5411884291220196e-4,0.03245944686798526,0,0,0.1,0.03333333333333333,0,0.6333333333333333,0.1,0.1,0.03333333333333333,0,0
gramado-RS,19465,35047,39316.64,9336,4.235314048536699e-4,0.07908178391427724,0,0,0.04,0.02,0.08,0.54,0.14,0.08,0.02,0.02,0.06
gravatai-RS,89287,275146,37904.83,9336,0.0016348312227351658,0.07908178391427724,0,0.07253886010362694,0.05181347150259067,0.03626943005181347,0.031088082901554404,0.5803108808290155,0.13989637305699482,0.010362694300518135,0.046632124352331605,0.02072538860103627,0.010362694300518135
guaiba-RS,24804,99334,42298.04,9336,7.115327601541654e-4,0.07908178391427724,0,0.03571428571428571,0.023809523809523808,0.03571428571428571,0.011904761904761904,0.5714285714285714,0.17857142857142858,0.011904761904761904,0.047619047619047616,0.07142857142857142,0.011904761904761904
guaira-SP,12507,40287,39793.63,33574,5.167083139214773e-4,0.28439286773114225,0.03278688524590164,0.01639344262295082,0.14754098360655737,0.09836065573770492,0,0.5245901639344263,0.03278688524590164,0.04918032786885246,0.04918032786885246,0.03278688524590164,0.01639344262295082
guarapuava-PR,65671,180364,23603.51,9310,0.0021684807928507898,0.07886154758375334,0.00390625,0.03515625,0.1484375,0.0546875,0.05078125,0.41796875,0.05859375,0.10546875,0.0390625,0.0546875,0.03125
guaratingueta-SP,45199,120417,35017.15,33574,0.0012197704459785694,0.28439286773114225,0,0.013888888888888888,0.09027777777777778,0.041666666666666664,0.006944444444444444,0.6041666666666666,0.034722222222222224,0.020833333333333332,0.0625,0.1111111111111111,0.013888888888888888
guaruja-SP,51196,315563,21997.93,33574,0.0013976536360171107,0.28439286773114225,0,0.030303030303030304,0.03636363636363636,0.006060606060606061,0.006060606060606061,0.7515151515151515,0.01818181818181818,0.024242424242424242,0.048484848484848485,0.07272727272727272,0.006060606060606061
guarulhos-SP,192882,1349113,38016.46,33574,0.006259794163737241,0.28439286773114225,0.0040595399188092015,0.03112313937753721,0.023004059539918808,0.03247631935047361,0.023004059539918808,0.645466847090663,0.05006765899864682,0.014884979702300407,0.12449255751014884,0.044654939106901215,0.006765899864682003
guaxupe-MG,20342,52294,29708.58,9290,4.489432891448901e-4,0.07869213502181187,0,0.03773584905660377,0.1509433962264151,0.09433962264150944,0.05660377358490566,0.4528301886792453,0.05660377358490566,0.07547169811320754,0,0.07547169811320754,0
gurupi-TO,43213,85523,20135.37,1087,5.675320825039177e-4,0.009207572741518783,0,0.029850746268656716,0.029850746268656716,0.029850746268656716,0.029850746268656716,0.4925373134328358,0.04477611940298507,0.31343283582089554,0,0.014925373134328358,0.014925373134328358
hortolandia-SP,53184,222186,44002.84,33574,8.7247469399856e-4,0.28439286773114225,0,0.02912621359223301,0.0970873786407767,0.009708737864077669,0.009708737864077669,0.7475728155339806,0.06796116504854369,0.019417475728155338,0.019417475728155338,0,0
ibipora-PR,20207,53356,38501.45,9310,3.811782643683029e-4,0.07886154758375334,0.044444444444444446,0.022222222222222223,0.15555555555555556,0.044444444444444446,0.1111111111111111,0.5333333333333333,0.022222222222222223,0,0.022222222222222223,0.044444444444444446,0
icara-SC,37391,54845,29882.19,7714,3.0494261149464235e-4,0.0653424251408242,0,0,0.1388888888888889,0.05555555555555555,0.08333333333333333,0.5555555555555556,0.08333333333333333,0.027777777777777776,0,0.027777777777777776,0.027777777777777776
igrejinha-RS,14007,34903,39351.46,9336,1.7788319003854134e-4,0.07908178391427724,0,0.047619047619047616,0.14285714285714285,0.047619047619047616,0.047619047619047616,0.5714285714285714,0.09523809523809523,0,0,0.047619047619047616,0
ijui-RS,28567,83330,33547.79,9336,9.232984625810003e-4,0.07908178391427724,0,0.009174311926605505,0.11926605504587157,0.05504587155963303,0.06422018348623854,0.47706422018348627,0.08256880733944955,0.11926605504587157,0.027522935779816515,0.027522935779816515,0.01834862385321101
ilha comprida-SP,23321,10656,242646.02,33574,8.470628097073398e-5,0.28439286773114225,0,0.1,0,0.1,0,0.7,0,0,0.1,0,0
imbituba-SC,29854,44076,21250.24,7714,4.404726610478167e-4,0.0653424251408242,0,0.019230769230769232,0.057692307692307696,0.038461538461538464,0.019230769230769232,0.6538461538461539,0.038461538461538464,0.019230769230769232,0.09615384615384616,0.057692307692307696,0
imperatriz-MA,68581,254569,20040.71,1166,0.0012790648426580832,0.009876752361187582,0,0.006622516556291391,0.019867549668874173,0.026490066225165563,0.006622516556291391,0.6688741721854304,0.0728476821192053,0.1456953642384106,0.006622516556291391,0.006622516556291391,0.039735099337748346
indaial-SC,30165,66497,31027.68,7714,4.574139172419635e-4,0.0653424251408242,0.037037037037037035,0.037037037037037035,0.07407407407407407,0.1111111111111111,0.05555555555555555,0.46296296296296297,0.07407407407407407,0.037037037037037035,0.037037037037037035,0.05555555555555555,0.018518518518518517
indaiatuba-SP,104062,239602,46404.74,33574,0.0029223666934903225,0.28439286773114225,0.005797101449275362,0.02318840579710145,0.08115942028985507,0.08405797101449275,0.034782608695652174,0.663768115942029,0.002898550724637681,0.028985507246376812,0.028985507246376812,0.043478260869565216,0.002898550724637681
ipatinga-MG,53451,261203,36879.60,9290,0.0010842403964253949,0.07869213502181187,0.0078125,0.0390625,0.09375,0.0625,0.0078125,0.6953125,0.0390625,0.0078125,0.015625,0.015625,0.015625
irati-PR,27283,60425,22220.90,9310,4.150607767565965e-4,0.07886154758375334,0,0.04081632653061224,0.061224489795918366,0.061224489795918366,0.061224489795918366,0.6326530612244898,0.02040816326530612,0.061224489795918366,0.02040816326530612,0,0.04081632653061224
itaberai-GO,13555,40872,21619.39,3832,7.623565287366059e-5,0.03245944686798526,0,0.1111111111111111,0,0,0,0.4444444444444444,0.2222222222222222,0.2222222222222222,0,0,0
itabira-MG,31828,119285,52473.63,9290,6.268264791834315e-4,0.07869213502181187,0,0.04054054054054054,0.06756756756756757,0.04054054054054054,0.04054054054054054,0.6486486486486487,0.0945945945945946,0.02702702702702703,0.013513513513513514,0.013513513513513514,0.013513513513513514
itabirito-MG,23933,50816,82753.26,9290,1.1011816526195418e-4,0.07869213502181187,0,0,0,0,0,0.9230769230769231,0,0,0.07692307692307693,0,0
itaborai-RJ,150348,232394,22282.21,8616,4.404726610478167e-4,0.0729829316843844,0,0.11538461538461539,0.07692307692307693,0.019230769230769232,0.038461538461538464,0.5192307692307693,0.07692307692307693,0.019230769230769232,0.09615384615384616,0.038461538461538464,0
itaguai-RJ,42212,122369,60616.93,8616,3.3882512388293593e-4,0.0729829316843844,0,0.05,0.125,0.025,0.025,0.55,0.125,0.025,0.075,0,0
itajai-SC,58462,212615,77730.69,7714,0.0019058913218415146,0.0653424251408242,0,0.04888888888888889,0.09777777777777778,0.05333333333333334,0.008888888888888889,0.56,0.07555555555555556,0.017777777777777778,0.07555555555555556,0.057777777777777775,0.0044444444444444444
itajuba-MG,25278,97000,25330.77,9290,6.607089915717251e-4,0.07869213502181187,0.02564102564102564,0.038461538461538464,0.14102564102564102,0.02564102564102564,0.0641025641025641,0.5256410256410257,0.05128205128205128,0.01282051282051282,0.05128205128205128,0.05128205128205128,0.01282051282051282
itapetininga-SP,60797,160070,22389.40,33574,0.001575536826055652,0.28439286773114225,0.005376344086021506,0.053763440860215055,0.06989247311827956,0.08602150537634409,0,0.5913978494623656,0.03225806451612903,0.005376344086021506,0.06451612903225806,0.06451612903225806,0.026881720430107527
itapevi-SP,37498,229502,39198.54,33574,5.167083139214773e-4,0.28439286773114225,0,0.03278688524590164,0.03278688524590164,0.03278688524590164,0.01639344262295082,0.7213114754098361,0.11475409836065574,0.01639344262295082,0.03278688524590164,0,0
itapira-SP,21915,73844,37002.05,33574,6.522383634746516e-4,0.28439286773114225,0.012987012987012988,0.025974025974025976,0.07792207792207792,0.06493506493506493,0.012987012987012988,0.6753246753246753,0.025974025974025976,0.03896103896103896,0,0.05194805194805195,0.012987012987012988
itapoa-SC,24540,19355,35126.76,7714,6.776502477658718e-5,0.0653424251408242,0,0.125,0.25,0.125,0,0.375,0,0,0.125,0,0
itapolis-SP,11963,42747,28400.62,33574,3.557663800770827e-4,0.28439286773114225,0,0.047619047619047616,0.047619047619047616,0.14285714285714285,0.047619047619047616,0.6904761904761905,0,0.023809523809523808,0,0,0
itaqui-RS,12005,39012,25694.33,9336,2.1176570242683495e-4,0.07908178391427724,0,0,0.04,0.04,0.08,0.6,0.04,0.04,0,0.08,0.08
itatiba-SP,59088,116503,40791.23,33574,7.03062132057092e-4,0.28439286773114225,0.012048192771084338,0.012048192771084338,0.10843373493975904,0.07228915662650602,0.03614457831325301,0.6265060240963856,0.012048192771084338,0.03614457831325301,0.024096385542168676,0.04819277108433735,0.012048192771084338
itauna-MG,28556,92696,26699.63,9290,4.065901486595231e-4,0.07869213502181187,0,0.0625,0.10416666666666667,0.08333333333333333,0,0.625,0.041666666666666664,0.041666666666666664,0,0.041666666666666664,0
itu-SP,89158,170157,40644.73,33574,0.0015247130574732115,0.28439286773114225,0.005555555555555556,0.016666666666666666,0.07777777777777778,0.05555555555555555,0.016666666666666666,0.6777777777777778,0.027777777777777776,0.03888888888888889,0.05,0.03333333333333333,0
ituiutaba-MG,37197,104526,24953.06,9290,0.0011774173054932024,0.07869213502181187,0,0.02158273381294964,0.05755395683453238,0.05755395683453238,0.02158273381294964,0.43884892086330934,0.02158273381294964,0.35251798561151076,0.007194244604316547,0.014388489208633094,0.007194244604316547
itumbiara-GO,42333,102513,37431.46,3832,6.437677353775782e-4,0.03245944686798526,0,0.02631578947368421,0.05263157894736842,0.02631578947368421,0.013157894736842105,0.6842105263157895,0.09210526315789473,0.09210526315789473,0,0,0.013157894736842105
iturama-MG,17818,38484,46105.79,9290,3.896488924653763e-4,0.07869213502181187,0,0.021739130434782608,0.021739130434782608,0.043478260869565216,0.021739130434782608,0.34782608695652173,0.043478260869565216,0.32608695652173914,0,0.043478260869565216,0.13043478260869565
ituverava-SP,11432,41414,24572.73,33574,1.9482444623268816e-4,0.28439286773114225,0,0,0,0.13043478260869565,0,0.5652173913043478,0.08695652173913043,0.13043478260869565,0,0.043478260869565216,0.043478260869565216
jaboticabal-SP,26717,76563,27375.91,33574,8.7247469399856e-4,0.28439286773114225,0,0.02912621359223301,0.06796116504854369,0.04854368932038835,0.019417475728155338,0.7378640776699029,0.019417475728155338,0.038834951456310676,0.009708737864077669,0.019417475728155338,0.009708737864077669
jacarei-SP,88328,229851,37168.04,33574,0.0018550675532590741,0.28439286773114225,0,0.0228310502283105,0.0547945205479452,0.0228310502283105,0.0684931506849315,0.6529680365296804,0.0319634703196347,0.0365296803652968,0.0547945205479452,0.0502283105022831,0.0045662100456621
jacarezinho-PR,13522,40263,20289.62,9310,1.6941256194146796e-4,0.07886154758375334,0,0,0.15,0.05,0.05,0.6,0,0.15,0,0,0
jaciara-MT,12618,26633,26914.79,2361,6.776502477658718e-5,0.019999152937190293,0,0,0,0,0,0.5,0,0.375,0,0,0.125
jaguariaiva-PR,11750,34822,29243.99,9310,1.6094193384439456e-4,0.07886154758375334,0,0.05263157894736842,0.10526315789473684,0.10526315789473684,0,0.47368421052631576,0,0.21052631578947367,0,0,0.05263157894736842
jales-SP,17857,49110,20983.37,33574,2.2023633052390836e-4,0.28439286773114225,0,0.038461538461538464,0.15384615384615385,0.07692307692307693,0.038461538461538464,0.5384615384615384,0,0.038461538461538464,0.038461538461538464,0,0.07692307692307693
jandira-SP,15307,121492,25055.27,33574,5.082376858244039e-4,0.28439286773114225,0.016666666666666666,0.08333333333333333,0,0.016666666666666666,0.016666666666666666,0.7333333333333333,0.016666666666666666,0.05,0.05,0.016666666666666666,0
jaragua do sul-SC,83435,170835,50132.73,7714,0.001872008809453221,0.0653424251408242,0,0.027149321266968326,0.13122171945701358,0.06787330316742081,0.01809954751131222,0.5475113122171946,0.05429864253393665,0.04072398190045249,0.04072398190045249,0.06334841628959276,0.00904977375565611
jarinu-SP,23677,28540,45084.79,33574,1.1011816526195418e-4,0.28439286773114225,0,0,0.07692307692307693,0,0.07692307692307693,0.7692307692307693,0,0,0,0.07692307692307693,0
jatai-GO,30847,98128,34880.04,3832,8.555334378044132e-4,0.03245944686798526,0,0.0297029702970297,0.039603960396039604,0.04950495049504951,0,0.4158415841584158,0.07920792079207921,0.31683168316831684,0.019801980198019802,0.009900990099009901,0.039603960396039604
jau-SP,41988,146338,23686.28,33574,0.0010249459997458811,0.28439286773114225,0.01652892561983471,0.08264462809917356,0.05785123966942149,0.09917355371900827,0.008264462809917356,0.6033057851239669,0.008264462809917356,0.01652892561983471,0.024793388429752067,0.01652892561983471,0.06611570247933884
joao pinheiro-MG,15298,48751,20214.94,9290,8.470628097073398e-5,0.07869213502181187,0,0,0,0,0.1,0.4,0,0.4,0,0.1,0
joinville-SC,176765,577077,40184.13,7714,0.00565837956884503,0.0653424251408242,0.0074850299401197605,0.0344311377245509,0.1347305389221557,0.058383233532934134,0.005988023952095809,0.4805389221556886,0.10029940119760479,0.03143712574850299,0.05239520958083832,0.0748502994011976,0.019461077844311378
juiz de fora-MG,176373,563769,24323.55,9290,0.0025411884291220194,0.07869213502181187,0.0033333333333333335,0.056666666666666664,0.09666666666666666,0.06,0.006666666666666667,0.58,0.03666666666666667,0.02,0.06,0.07,0.01
jundiai-SP,157714,409497,92970.39,33574,0.004116725255177671,0.28439286773114225,0.00411522633744856,0.018518518518518517,0.10493827160493827,0.053497942386831275,0.0102880658436214,0.6728395061728395,0.024691358024691357,0,0.0411522633744856,0.05761316872427984,0.012345679012345678
lages-SC,68186,158508,22767.76,7714,0.0015501249417644318,0.0653424251408242,0.01092896174863388,0.02185792349726776,0.09836065573770492,0.07650273224043716,0.0273224043715847,0.5519125683060109,0.01639344262295082,0.08743169398907104,0.0273224043715847,0.07103825136612021,0.01092896174863388
lagoa da prata-MG,16617,51204,22567.58,9290,8.470628097073398e-5,0.07869213502181187,0,0,0.1,0,0,0.5,0.1,0,0.2,0.1,0
lajeado-RS,38281,79819,37863.62,9336,1.5247130574732118e-4,0.07908178391427724,0,0,0,0,0,0.3333333333333333,0,0.6666666666666666,0,0,0
lauro de freitas-BA,36729,197636,28859.89,4640,0.0011011816526195416,0.039303714370420566,0,0.046153846153846156,0.038461538461538464,0.015384615384615385,0,0.7,0.05384615384615385,0.046153846153846156,0.03076923076923077,0.03076923076923077,0.038461538461538464
lavras-MG,29271,102124,20965.27,9290,4.743551734361103e-4,0.07869213502181187,0,0.07142857142857142,0.14285714285714285,0.07142857142857142,0.03571428571428571,0.5178571428571429,0.05357142857142857,0.03571428571428571,0.017857142857142856,0,0.05357142857142857
leme-SP,28839,101184,23670.23,33574,4.150607767565965e-4,0.28439286773114225,0,0.04081632653061224,0,0.16326530612244897,0.04081632653061224,0.673469387755102,0.02040816326530612,0.04081632653061224,0.02040816326530612,0,0
lencois paulista-SP,19781,67185,33083.65,33574,4.235314048536699e-4,0.28439286773114225,0,0.06,0.02,0.06,0.02,0.74,0,0.02,0,0.08,0
limeira-SP,100193,300911,35620.42,33574,0.0017280081318029731,0.28439286773114225,0.00980392156862745,0.0196078431372549,0.0784313725490196,0.058823529411764705,0.04411764705882353,0.6666666666666666,0.00980392156862745,0.04411764705882353,0.024509803921568627,0.03431372549019608,0.00980392156862745
linhares-ES,39103,169048,32815.20,1816,7.623565287366058e-4,0.015382660624285291,0,0.011111111111111112,0.1,0.022222222222222223,0.044444444444444446,0.43333333333333335,0.05555555555555555,0.14444444444444443,0.044444444444444446,0.05555555555555555,0.08888888888888889
lins-SP,26876,77021,37990.91,33574,7.708271568336793e-4,0.28439286773114225,0.01098901098901099,0.08791208791208792,0.08791208791208792,0.01098901098901099,0,0.6593406593406593,0.03296703296703297,0.03296703296703297,0.01098901098901099,0.04395604395604396,0.02197802197802198
londrina-PR,176748,558439,29634.98,9310,0.006310617932319682,0.07886154758375334,0,0.038926174496644296,0.15570469798657718,0.06308724832214765,0.026845637583892617,0.5328859060402684,0.04563758389261745,0.040268456375838924,0.03087248322147651,0.04429530201342282,0.021476510067114093
lucas do rio verde-MT,30809,61515,45728.29,2361,5.844733386980645e-4,0.019999152937190293,0,0.028985507246376812,0.10144927536231885,0.014492753623188406,0.043478260869565216,0.2898550724637681,0.08695652173913043,0.2898550724637681,0.014492753623188406,0,0.13043478260869565
luis eduardo magalhaes-BA,37599,83557,46057.56,4640,6.437677353775782e-4,0.039303714370420566,0,0.06578947368421052,0.039473684210526314,0.02631578947368421,0.039473684210526314,0.3157894736842105,0.11842105263157894,0.21052631578947367,0,0.02631578947368421,0.15789473684210525
macae-RJ,78517,244139,85462.97,8616,9.656516030663673e-4,0.0729829316843844,0,0.07894736842105263,0.06140350877192982,0.07017543859649122,0,0.5526315789473685,0.07017543859649122,0.06140350877192982,0.05263157894736842,0.043859649122807015,0.008771929824561403
mafra-SC,26321,55907,22661.50,7714,6.268264791834315e-4,0.0653424251408242,0,0.05405405405405406,0.16216216216216217,0.0945945945945946,0.0945945945945946,0.36486486486486486,0.013513513513513514,0.0945945945945946,0.02702702702702703,0.08108108108108109,0.013513513513513514
mairinque-SP,41824,46567,33096.97,33574,4.489432891448901e-4,0.28439286773114225,0,0.05660377358490566,0.07547169811320754,0,0.018867924528301886,0.7358490566037735,0,0,0.05660377358490566,0.05660377358490566,0
manaus-AM,427085,2130264,32300.56,1059,0.008140273601287535,0.008970395154800729,0.006243496357960458,0.04266389177939646,0.02809573361082206,0.014568158168574402,0.01768990634755463,0.6004162330905307,0.06971904266389178,0.16857440166493237,0.026014568158168574,0.022892819979188347,0.003121748178980229
mandaguari-PR,9973,34559,25756.02,9310,1.6094193384439456e-4,0.07886154758375334,0,0,0.21052631578947367,0.05263157894736842,0,0.5263157894736842,0.05263157894736842,0.05263157894736842,0.05263157894736842,0,0.05263157894736842
maraba-PA,83538,271594,20687.01,1262,8.216509254161197e-4,0.010689932658506629,0,0.030927835051546393,0.020618556701030927,0.010309278350515464,0.010309278350515464,0.5979381443298969,0.05154639175257732,0.20618556701030927,0,0,0.07216494845360824
maracaju-MS,13025,44994,43101.60,1362,2.7953072720342216e-4,0.011536995468213969,0,0.030303030303030304,0,0,0,0.18181818181818182,0,0.6363636363636364,0,0,0.15151515151515152
maracanau-CE,52451,224804,28722.61,3682,5.421201982126974e-4,0.031188852653424252,0,0.03125,0.03125,0,0,0.8125,0.109375,0,0,0.015625,0
marechal candido rondon-PR,21744,51795,30025.35,9310,3.218838676887891e-4,0.07886154758375334,0,0.02631578947368421,0.13157894736842105,0.02631578947368421,0.13157894736842105,0.47368421052631576,0,0.21052631578947367,0,0,0
mariana-MG,14210,59857,114347.90,9290,2.5411884291220196e-4,0.07869213502181187,0,0.03333333333333333,0.1,0.13333333333333333,0.03333333333333333,0.6,0,0.06666666666666667,0,0.03333333333333333,0
marica-RJ,115650,153008,51533.19,8616,6.183558510863581e-4,0.0729829316843844,0,0.0684931506849315,0.0410958904109589,0.0273972602739726,0,0.684931506849315,0.0410958904109589,0.0273972602739726,0.0958904109589041,0.0136986301369863,0
marilia-SP,104016,235234,37241.93,33574,0.0019397738342298082,0.28439286773114225,0,0.07423580786026202,0.08733624454148471,0.026200873362445413,0.004366812227074236,0.6899563318777293,0.017467248908296942,0.043668122270742356,0.021834061135371178,0.013100436681222707,0.021834061135371178
maringa-PR,124550,406693,35602.21,9310,0.00478590487484647,0.07886154758375334,0,0.03008849557522124,0.2247787610619469,0.07787610619469026,0.005309734513274336,0.4230088495575221,0.04070796460176991,0.0584070796460177,0.02831858407079646,0.061946902654867256,0.049557522123893805
matao-SP,29035,82307,39104.04,33574,7.115327601541654e-4,0.28439286773114225,0.011904761904761904,0.023809523809523808,0.08333333333333333,0.047619047619047616,0,0.7023809523809523,0.011904761904761904,0.023809523809523808,0.03571428571428571,0.05952380952380952,0
maua-SP,51029,462005,23012.73,33574,0.0020160094871034687,0.28439286773114225,0,0.09243697478991597,0.012605042016806723,0.04201680672268908,0.0546218487394958,0.6386554621848739,0.07563025210084033,0.008403361344537815,0.05042016806722689,0.025210084033613446,0
medianeira-PR,16276,45586,28672.20,9310,3.727076362712295e-4,0.07886154758375334,0,0,0.045454545454545456,0.13636363636363635,0.11363636363636363,0.3409090909090909,0,0.18181818181818182,0.06818181818181818,0.06818181818181818,0.045454545454545456
miguelopolis-SP,5744,21973,24985.58,33574,1.1011816526195418e-4,0.28439286773114225,0,0.15384615384615385,0.15384615384615385,0,0,0.5384615384615384,0,0,0,0,0.15384615384615385
minacu-GO,11323,30696,31548.67,3832,3.388251238829359e-5,0.03245944686798526,0,0,0.25,0,0,0.5,0,0,0,0,0.25
mineiros-GO,25063,62750,30143.76,3832,5.082376858244039e-4,0.03245944686798526,0.016666666666666666,0.03333333333333333,0.016666666666666666,0.03333333333333333,0.05,0.5,0.08333333333333333,0.18333333333333332,0.03333333333333333,0.016666666666666666,0.03333333333333333
mirassol-SP,25899,58760,25589.46,33574,3.3882512388293593e-4,0.28439286773114225,0,0.025,0.1,0.05,0.025,0.625,0,0,0.025,0.075,0.075
mococa-SP,25099,68994,24917.85,33574,5.505908263097708e-4,0.28439286773114225,0,0.07692307692307693,0.03076923076923077,0.06153846153846154,0,0.676923076923077,0.015384615384615385,0.03076923076923077,0,0.1076923076923077,0
mogi das cruzes-SP,129540,433901,31133.55,33574,0.002405658379568845,0.28439286773114225,0.0035211267605633804,0.035211267605633804,0.04929577464788732,0.04929577464788732,0.028169014084507043,0.6725352112676056,0.03169014084507042,0.02464788732394366,0.028169014084507043,0.056338028169014086,0.02112676056338028
mogi guacu-SP,43561,149396,32137.10,33574,0.00129600609885223,0.28439286773114225,0,0.013071895424836602,0.06535947712418301,0.0392156862745098,0.013071895424836602,0.8104575163398693,0.013071895424836602,0.013071895424836602,0.006535947712418301,0.026143790849673203,0
mogi mirim-SP,35705,92365,37441.80,33574,0.0010588285121341749,0.28439286773114225,0,0.016,0.08,0.072,0.024,0.72,0,0.008,0,0.064,0.016
monte alto-SP,17127,49979,28713.04,33574,4.320020329507433e-4,0.28439286773114225,0,0.0196078431372549,0.0784313725490196,0.058823529411764705,0,0.7647058823529411,0,0.0392156862745098,0,0.0392156862745098,0
monte carmelo-MG,14985,48248,23272.04,9290,4.91296429630257e-4,0.07869213502181187,0.017241379310344827,0,0.06896551724137931,0,0.13793103448275862,0.5344827586206896,0.017241379310344827,0.1724137931034483,0.034482758620689655,0.017241379310344827,0
monte mor-SP,31571,57240,51934.49,33574,2.456482148151285e-4,0.28439286773114225,0,0.034482758620689655,0.06896551724137931,0.034482758620689655,0.10344827586206896,0.7586206896551724,0,0,0,0,0
montenegro-RS,24584,63868,41998.90,9336,6.607089915717251e-4,0.07908178391427724,0,0.0641025641025641,0.08974358974358974,0.10256410256410256,0.0641025641025641,0.4358974358974359,0.08974358974358974,0.01282051282051282,0.038461538461538464,0.07692307692307693,0.02564102564102564
morrinhos-GO,14269,45382,24318.32,3832,5.9294396679513786e-5,0.03245944686798526,0,0,0,0,0,0,0,1,0,0,0
mossoro-RN,74031,295619,23325.08,1962,0.0014823599169878447,0.016619372326458007,0.011428571428571429,0.05714285714285714,0.08,0.022857142857142857,0.011428571428571429,0.6342857142857142,0.02857142857142857,0.017142857142857144,0.02857142857142857,0.04,0.06857142857142857
nao-me-toque-RS,9041,17185,66693.24,9336,1.9482444623268816e-4,0.07908178391427724,0,0.08695652173913043,0.08695652173913043,0.21739130434782608,0.08695652173913043,0.2608695652173913,0.13043478260869565,0.08695652173913043,0,0.043478260869565216,0
natal-RN,118929,885180,23412.52,1962,0.0057346152217186905,0.016619372326458007,0.0014771048744460858,0.04874446085672083,0.056129985228951254,0.026587887740029542,0.007385524372230428,0.6277695716395865,0.053175775480059084,0.011816838995568686,0.05760709010339734,0.07090103397341212,0.03840472673559823
navegantes-SC,21251,77137,39198.26,7714,5.167083139214773e-4,0.0653424251408242,0.01639344262295082,0,0.14754098360655737,0.03278688524590164,0.01639344262295082,0.6065573770491803,0.08196721311475409,0,0.06557377049180328,0.03278688524590164,0
navirai-MS,18402,53188,24030.21,1362,9.317690906780738e-5,0.011536995468213969,0,0,0.09090909090909091,0.09090909090909091,0,0.36363636363636365,0.18181818181818182,0.2727272727272727,0,0,0
niquelandia-GO,14514,45913,24491.91,3832,6.776502477658718e-5,0.03245944686798526,0,0,0,0.125,0,0.5,0.25,0.125,0,0,0
niteroi-RJ,91149,499028,40284.31,8616,0.0032442505611791116,0.0729829316843844,0.0026109660574412533,0.10704960835509138,0.07049608355091384,0.031331592689295036,0.015665796344647518,0.5326370757180157,0.03655352480417755,0.015665796344647518,0.11488250652741515,0.06266318537859007,0.010443864229765013
nova andradina-MS,21933,52625,28628.57,1362,5.251789420185507e-4,0.011536995468213969,0,0.016129032258064516,0.04838709677419355,0.016129032258064516,0.016129032258064516,0.46774193548387094,0.0967741935483871,0.27419354838709675,0,0.016129032258064516,0.04838709677419355
nova friburgo-RJ,49899,185381,20185.88,8616,8.047096692219728e-4,0.0729829316843844,0.010526315789473684,0.021052631578947368,0.06315789473684211,0.021052631578947368,0,0.631578947368421,0.042105263157894736,0.031578947368421054,0.09473684210526316,0.07368421052631578,0.010526315789473684
nova lima-MG,46962,92178,109298.94,9290,6.183558510863581e-4,0.07869213502181187,0,0.0136986301369863,0.0958904109589041,0.0547945205479452,0.0136986301369863,0.5753424657534246,0.0273972602739726,0.0273972602739726,0.0958904109589041,0.0547945205479452,0.0410958904109589
nova odessa-SP,20216,58227,43537.81,33574,4.574139172419635e-4,0.28439286773114225,0,0.09259259259259259,0.05555555555555555,0.018518518518518517,0.018518518518518517,0.6481481481481481,0.07407407407407407,0.037037037037037035,0.018518518518518517,0.018518518518518517,0.018518518518518517
novo hamburgo-RS,63349,249508,28335.51,9336,0.0020922451399771292,0.07908178391427724,0,0.032388663967611336,0.10121457489878542,0.06072874493927125,0.008097165991902834,0.6153846153846154,0.06477732793522267,0.020242914979757085,0.032388663967611336,0.05263157894736842,0.012145748987854251
novo horizonte-SP,9710,40225,22967.56,33574,2.5411884291220193e-5,0.28439286773114225,0,0,0,0,0,0,0,1,0,0,0
olimpia-SP,20251,54037,28075.54,33574,5.336495701156241e-4,0.28439286773114225,0,0.047619047619047616,0.015873015873015872,0.031746031746031744,0,0.7619047619047619,0.015873015873015872,0.047619047619047616,0.047619047619047616,0.015873015873015872,0.015873015873015872
oriximina-PA,11723,71078,23509.33,1262,5.0823768582440385e-5,0.010689932658506629,0,0,0,0,0,0.6666666666666666,0,0.16666666666666666,0,0,0.16666666666666666
orlandia-SP,10647,43306,33467.16,33574,3.727076362712295e-4,0.28439286773114225,0,0.022727272727272728,0.11363636363636363,0.06818181818181818,0,0.7045454545454546,0,0.022727272727272728,0,0,0.06818181818181818
osasco-SP,62926,697886,80265.37,33574,0.0037779001312947353,0.28439286773114225,0.004484304932735426,0.04932735426008968,0.04035874439461883,0.02914798206278027,0.03139013452914798,0.6748878923766816,0.053811659192825115,0.011210762331838564,0.04932735426008968,0.053811659192825115,0.002242152466367713
osorio-RS,22469,44468,23859.69,9336,3.3882512388293593e-4,0.07908178391427724,0,0.05,0.1,0,0.025,0.675,0.1,0.05,0,0,0
ourilandia do norte-PA,17652,31921,21419.76,1262,5.9294396679513786e-5,0.010689932658506629,0,0,0,0,0,0.5714285714285714,0.14285714285714285,0.14285714285714285,0.14285714285714285,0,0
ourinhos-SP,42346,111813,22986.31,33574,9.82592859260514e-4,0.28439286773114225,0.008620689655172414,0.0603448275862069,0.09482758620689655,0.02586206896551724,0,0.6120689655172413,0,0.05172413793103448,0.034482758620689655,0.04310344827586207,0.06896551724137931
ouro preto-MG,40410,74659,90705.27,9290,3.3035449578586255e-4,0.07869213502181187,0,0.07692307692307693,0.05128205128205128,0.02564102564102564,0,0.7692307692307693,0,0.02564102564102564,0.02564102564102564,0.02564102564102564,0
palhoca-SC,66224,164926,26367.66,7714,9.402397187751472e-4,0.0653424251408242,0,0.04504504504504504,0.07207207207207207,0.06306306306306306,0.018018018018018018,0.6666666666666666,0.07207207207207207,0.018018018018018018,0.018018018018018018,0.02702702702702703,0
palmas-TO,144430,286787,22583.62,1087,0.0022447164457244503,0.009207572741518783,0.0037735849056603774,0.03018867924528302,0.07547169811320754,0.022641509433962263,0.022641509433962263,0.6075471698113207,0.06415094339622641,0.10943396226415095,0.007547169811320755,0.033962264150943396,0.022641509433962263
palmeira das missoes-RS,16239,34844,29307.95,9336,9.317690906780738e-5,0.07908178391427724,0,0.09090909090909091,0,0,0,0.45454545454545453,0.18181818181818182,0.09090909090909091,0,0.09090909090909091,0.09090909090909091
palmitos-SC,5991,16253,33532.36,7714,4.235314048536699e-5,0.0653424251408242,0,0,0.2,0.4,0,0,0,0.2,0,0.2,0
panambi-RS,17583,41781,39484.57,9336,2.1176570242683495e-4,0.07908178391427724,0,0.04,0.08,0.04,0.04,0.48,0,0.2,0,0.08,0.04
para de minas-MG,34485,92739,24369.67,9290,1.4400067765024777e-4,0.07869213502181187,0,0,0,0,0.058823529411764705,0.5882352941176471,0.11764705882352941,0.11764705882352941,0,0.11764705882352941,0
paracatu-MG,23217,92386,32586.35,9290,3.1341323959171573e-4,0.07869213502181187,0,0.08108108108108109,0.16216216216216217,0.05405405405405406,0.02702702702702703,0.43243243243243246,0,0.08108108108108109,0.02702702702702703,0.08108108108108109,0.05405405405405406
paraguacu paulista-SP,12379,45255,20302.35,33574,1.6094193384439456e-4,0.28439286773114225,0,0,0.15789473684210525,0,0,0.7368421052631579,0,0,0,0.10526315789473684,0
paranagua-PR,39563,152975,41556.99,9310,0.0011604760492990554,0.07886154758375334,0,0.029197080291970802,0.10948905109489052,0.021897810218978103,0.021897810218978103,0.6496350364963503,0.043795620437956206,0.0364963503649635,0.058394160583941604,0.029197080291970802,0
paranaiba-MS,11334,41755,21083.76,1362,6.014145948922112e-4,0.011536995468213969,0,0.028169014084507043,0.08450704225352113,0,0.014084507042253521,0.323943661971831,0.014084507042253521,0.4507042253521127,0.014084507042253521,0.028169014084507043,0.04225352112676056
paranapanema-SP,29448,19730,23275.09,33574,1.0164753716488077e-4,0.28439286773114225,0,0,0,0,0,0.8333333333333334,0,0,0,0,0.16666666666666666
paranavai-PR,43907,87850,20334.48,9310,0.0014993011731819915,0.07886154758375334,0.01694915254237288,0.06779661016949153,0.11864406779661017,0.03389830508474576,0.03954802259887006,0.4180790960451977,0.0903954802259887,0.1694915254237288,0.011299435028248588,0.022598870056497175,0.011299435028248588
parauapebas-PA,68435,202356,114753.57,1262,9.402397187751472e-4,0.010689932658506629,0,0.06306306306306306,0.09009009009009009,0.02702702702702703,0,0.5225225225225225,0.18018018018018017,0.06306306306306306,0.009009009009009009,0.018018018018018018,0.02702702702702703
passo fundo-RS,58826,198799,36928.93,9336,0.0018465969251620007,0.07908178391427724,0.0045871559633027525,0.027522935779816515,0.06880733944954129,0.10091743119266056,0.009174311926605505,0.5963302752293578,0.05504587155963303,0.045871559633027525,0.022935779816513763,0.045871559633027525,0.022935779816513763
pato branco-PR,32815,80710,32621.64,9310,6.945915039600186e-4,0.07886154758375334,0,0.024390243902439025,0.13414634146341464,0.0975609756097561,0.04878048780487805,0.47560975609756095,0.012195121951219513,0.0975609756097561,0,0.0975609756097561,0.012195121951219513
patos de minas-MG,44761,150893,21421.96,9290,0.0011096522807166151,0.07869213502181187,0,0.007633587786259542,0.07633587786259542,0.022900763358778626,0.022900763358778626,0.5725190839694656,0.015267175572519083,0.20610687022900764,0.007633587786259542,0.030534351145038167,0.03816793893129771
patrocinio-MG,28897,89983,20528.52,9290,5.675320825039177e-4,0.07869213502181187,0.014925373134328358,0.04477611940298507,0.1044776119402985,0.04477611940298507,0.04477611940298507,0.5522388059701493,0.014925373134328358,0.14925373134328357,0.014925373134328358,0.014925373134328358,0
pederneiras-SP,17761,45708,44912.17,33574,1.7788319003854134e-4,0.28439286773114225,0,0.047619047619047616,0.09523809523809523,0,0,0.7142857142857143,0.047619047619047616,0.047619047619047616,0,0.047619047619047616,0
pedreira-SP,18989,46598,21154.56,33574,3.1341323959171573e-4,0.28439286773114225,0,0.02702702702702703,0.02702702702702703,0.08108108108108109,0.02702702702702703,0.7297297297297297,0.02702702702702703,0.02702702702702703,0.02702702702702703,0.02702702702702703,0
pereira barreto-SP,9386,25790,22158.64,33574,5.9294396679513786e-5,0.28439286773114225,0,0,0.14285714285714285,0,0,0.42857142857142855,0,0.14285714285714285,0.2857142857142857,0,0
petropolis-RJ,165760,298235,31753.67,8616,0.00174494938799712,0.0729829316843844,0,0.04854368932038835,0.03398058252427184,0.05339805825242718,0.0048543689320388345,0.6359223300970874,0.03398058252427184,0,0.10679611650485436,0.07766990291262135,0.0048543689320388345
pimenta bueno-RO,21388,38051,20785.48,787,1.1011816526195418e-4,0.006666384312396764,0,0.07692307692307693,0,0,0,0.38461538461538464,0.07692307692307693,0.38461538461538464,0,0,0.07692307692307693
pindamonhangaba-SP,66365,164000,35853.43,33574,8.978865782897802e-4,0.28439286773114225,0,0.03773584905660377,0.05660377358490566,0.05660377358490566,0.04716981132075472,0.6509433962264151,0.03773584905660377,0.018867924528301886,0.04716981132075472,0.03773584905660377,0.009433962264150943
pinhais-PR,31304,129445,39732.04,9310,6.268264791834315e-4,0.07886154758375334,0,0.08108108108108109,0.17567567567567569,0.0945945945945946,0.013513513513513514,0.4594594594594595,0.04054054054054054,0.02702702702702703,0.08108108108108109,0.02702702702702703,0
pinhao-PR,7169,32322,32214.91,9310,2.5411884291220193e-5,0.07886154758375334,0,0,0.3333333333333333,0,0.3333333333333333,0,0,0.3333333333333333,0,0,0
piracanjuba-GO,7939,24885,24329.54,3832,1.2705942145610098e-4,0.03245944686798526,0,0,0,0,0.06666666666666667,0.7333333333333333,0.06666666666666667,0.13333333333333333,0,0,0
piracicaba-SP,168824,397322,52619.75,33574,0.003176485536402524,0.28439286773114225,0.0026666666666666666,0.021333333333333333,0.064,0.016,0.013333333333333334,0.6826666666666666,0.018666666666666668,0.042666666666666665,0.048,0.04533333333333334,0.04533333333333334
pirassununga-SP,34767,75474,27731.12,33574,7.115327601541654e-4,0.28439286773114225,0,0.023809523809523808,0.047619047619047616,0.09523809523809523,0.047619047619047616,0.6547619047619048,0,0.023809523809523808,0.08333333333333333,0.011904761904761904,0.011904761904761904
pitangueiras-SP,9189,38889,21187.81,33574,1.8635381813561475e-4,0.28439286773114225,0.045454545454545456,0,0,0.09090909090909091,0,0.7272727272727273,0.045454545454545456,0.045454545454545456,0,0.045454545454545456,0
piuma-ES,8109,21336,22251.55,1816,1.0164753716488077e-4,0.015382660624285291,0,0.16666666666666666,0,0,0,0.4166666666666667,0.25,0.08333333333333333,0,0,0.08333333333333333
planura-MG,6500,11796,24106.23,9290,3.388251238829359e-5,0.07869213502181187,0,0,0,0,0,0.25,0,0.75,0,0,0
poa-SP,15696,115488,46993.02,33574,5.167083139214773e-4,0.28439286773114225,0,0.06557377049180328,0.03278688524590164,0.03278688524590164,0,0.7540983606557377,0.06557377049180328,0.01639344262295082,0.01639344262295082,0.01639344262295082,0
pocos de caldas-MG,58594,166085,36263.93,9290,0.0012451823302697894,0.07869213502181187,0,0.027210884353741496,0.061224489795918366,0.12244897959183673,0.013605442176870748,0.5578231292517006,0.02040816326530612,0.047619047619047616,0.034013605442176874,0.10204081632653061,0.013605442176870748
pomerode-SC,48981,32334,49049.77,7714,2.0329507432976154e-4,0.0653424251408242,0,0.08333333333333333,0.25,0.041666666666666664,0.08333333333333333,0.375,0.08333333333333333,0.041666666666666664,0,0.041666666666666664,0
ponta grossa-PR,159194,344332,31052.08,9310,0.0025666003134132394,0.07886154758375334,0.006600660066006601,0.026402640264026403,0.08250825082508251,0.07920792079207921,0.033003300330033,0.5214521452145214,0.0429042904290429,0.0891089108910891,0.0462046204620462,0.0594059405940594,0.013201320132013201
ponta pora-MS,43472,89592,21209.86,1362,3.1341323959171573e-4,0.011536995468213969,0,0.02702702702702703,0.10810810810810811,0.05405405405405406,0,0.43243243243243246,0.05405405405405406,0.2972972972972973,0,0.02702702702702703,0
porto alegre-RS,306360,1484941,39091.64,9336,0.015789250772944814,0.07908178391427724,0.006974248927038627,0.046137339055793994,0.07939914163090128,0.07939914163090128,0.005901287553648069,0.5477467811158798,0.0815450643776824,0.01984978540772532,0.05525751072961373,0.06652360515021459,0.011266094420600859
porto feliz-SP,25318,52507,25602.36,33574,3.3882512388293593e-4,0.28439286773114225,0,0,0.05,0,0.1,0.65,0,0.1,0.05,0.025,0.025
porto velho-RO,139722,519436,23638.78,787,0.002761424759645928,0.006666384312396764,0.003067484662576687,0.046012269938650305,0.018404907975460124,0,0.018404907975460124,0.7392638036809815,0.03374233128834356,0.09202453987730061,0.018404907975460124,0.015337423312883436,0.015337423312883436
pouso alegre-MG,39950,147137,36439.66,9290,0.0010842403964253949,0.07869213502181187,0,0.015625,0.1171875,0.0703125,0.03125,0.6796875,0.03125,0.0078125,0.0234375,0.0078125,0.015625
presidente epitacio-SP,28002,43897,20226.55,33574,1.4400067765024777e-4,0.28439286773114225,0,0,0.11764705882352941,0.058823529411764705,0.058823529411764705,0.5294117647058824,0,0.058823529411764705,0.058823529411764705,0.058823529411764705,0.058823529411764705
presidente prudente-SP,101050,225271,26167.13,33574,0.0012451823302697894,0.28439286773114225,0.006802721088435374,0.047619047619047616,0.061224489795918366,0.07482993197278912,0.006802721088435374,0.54421768707483,0.02040816326530612,0.04081632653061224,0.034013605442176874,0.07482993197278912,0.08843537414965986
primavera do leste-MT,25936,59293,46931.24,2361,5.082376858244039e-4,0.019999152937190293,0,0.06666666666666667,0.15,0.016666666666666666,0.016666666666666666,0.36666666666666664,0.06666666666666667,0.26666666666666666,0.016666666666666666,0.03333333333333333,0
queimados-RJ,47796,145386,25961.06,8616,2.2023633052390836e-4,0.0729829316843844,0,0.15384615384615385,0.11538461538461539,0,0.038461538461538464,0.5384615384615384,0.07692307692307693,0,0.038461538461538464,0.038461538461538464,0
quirinopolis-GO,16308,48508,27081.68,3832,2.8800135530049554e-4,0.03245944686798526,0,0.029411764705882353,0.029411764705882353,0.058823529411764705,0,0.5294117647058824,0.14705882352941177,0.17647058823529413,0,0.029411764705882353,0
recife-PE,142348,1633697,29037.18,3553,0.013485239930540849,0.030096141628901785,0.0037688442211055275,0.04396984924623116,0.059045226130653265,0.0207286432160804,0.006909547738693468,0.5791457286432161,0.05527638190954774,0.029522613065326633,0.08605527638190955,0.0835427135678392,0.032035175879396985
registro-SP,36624,56430,29005.76,33574,5.167083139214773e-4,0.28439286773114225,0,0.03278688524590164,0.08196721311475409,0.03278688524590164,0,0.7049180327868853,0.03278688524590164,0.03278688524590164,0.03278688524590164,0.03278688524590164,0.01639344262295082
resende-RJ,48217,126923,72811.77,8616,4.997670577273304e-4,0.0729829316843844,0,0.06779661016949153,0.0847457627118644,0.1016949152542373,0.03389830508474576,0.5423728813559322,0.01694915254237288,0.01694915254237288,0.11864406779661017,0,0.01694915254237288
ribeirao pires-SP,46809,121848,22380.19,33574,6.861208758629452e-4,0.28439286773114225,0.012345679012345678,0.037037037037037035,0.08641975308641975,0.037037037037037035,0.037037037037037035,0.5679012345679012,0.12345679012345678,0,0.04938271604938271,0.037037037037037035,0.012345679012345678
ribeirao preto-SP,226355,682302,36194.42,33574,0.0071153276015416544,0.28439286773114225,0.0011904761904761906,0.04523809523809524,0.07023809523809524,0.05476190476190476,0.014285714285714285,0.694047619047619,0.014285714285714285,0.02619047619047619,0.02619047619047619,0.03333333333333333,0.02023809523809524
rio bonito-RJ,18420,58272,23821.77,8616,1.5247130574732118e-4,0.0729829316843844,0,0.1111111111111111,0,0.05555555555555555,0.05555555555555555,0.6111111111111112,0.05555555555555555,0.1111111111111111,0,0,0
rio claro-SP,64319,202952,38944.11,33574,9.317690906780738e-5,0.28439286773114225,0,0,0,0,0.09090909090909091,0,0,0.9090909090909091,0,0,0
rio das ostras-RJ,32997,141117,121799.76,8616,4.91296429630257e-4,0.0729829316843844,0,0.13793103448275862,0.08620689655172414,0.06896551724137931,0,0.46551724137931033,0.08620689655172414,0.034482758620689655,0.034482758620689655,0.08620689655172414,0
rio de janeiro-RJ,925313,6520266,43941.25,8616,0.04249714116301724,0.0729829316843844,0.0033884791708192145,0.12357982858281842,0.05321905521227825,0.026310544149890373,0.003986446083316724,0.5040861072353996,0.05760414590392665,0.009766792904125972,0.16563683476180985,0.04763803069563484,0.004783735299980068
rio do sul-SC,42020,69188,31297.87,7714,6.183558510863581e-4,0.0653424251408242,0.0136986301369863,0.0273972602739726,0.136986301369863,0.0136986301369863,0,0.4931506849315068,0.0410958904109589,0.0547945205479452,0.0410958904109589,0.1780821917808219,0
rio grande-RS,69923,209378,39556.92,9336,0.0021515395366566432,0.07908178391427724,0,0.03543307086614173,0.09055118110236221,0.05511811023622047,0.031496062992125984,0.5393700787401575,0.12598425196850394,0.03937007874015748,0.023622047244094488,0.047244094488188976,0.011811023622047244
rio verde-GO,54065,217048,36539.06,3832,0.00174494938799712,0.03245944686798526,0.0048543689320388345,0.02912621359223301,0.07281553398058252,0.043689320388349516,0.03398058252427184,0.4854368932038835,0.05339805825242718,0.17475728155339806,0.009708737864077669,0.014563106796116505,0.07766990291262135
rolandia-PR,28108,64726,31710.86,9310,2.3717758671805514e-4,0.07886154758375334,0,0,0.21428571428571427,0.10714285714285714,0,0.42857142857142855,0.03571428571428571,0.07142857142857142,0.10714285714285714,0,0.03571428571428571
rondonopolis-MT,101998,222316,32698.62,2361,0.001363771123628817,0.019999152937190293,0,0.031055900621118012,0.024844720496894408,0.018633540372670808,0,0.515527950310559,0.11801242236024845,0.2546583850931677,0,0.024844720496894408,0.012422360248447204
rosana-SP,7718,17795,54404.11,33574,8.470628097073398e-6,0.28439286773114225,0,0,0,0,0,1,0,0,0,0,0
salto-SP,46402,116191,44515.03,33574,8.555334378044132e-4,0.28439286773114225,0,0.039603960396039604,0.04950495049504951,0.009900990099009901,0.019801980198019802,0.7227722772277227,0.0594059405940594,0.009900990099009901,0.04950495049504951,0.019801980198019802,0.019801980198019802
santa cruz do rio pardo-SP,15348,47148,31247.54,33574,2.710600991063487e-4,0.28439286773114225,0,0,0.0625,0.0625,0,0.71875,0.03125,0.09375,0,0,0.03125
santa cruz do sul-RS,57688,127429,53579.65,9336,9.063572063868536e-4,0.07908178391427724,0.009345794392523364,0.037383177570093455,0.16822429906542055,0.028037383177570093,0.018691588785046728,0.5046728971962616,0.08411214953271028,0.037383177570093455,0.06542056074766354,0.028037383177570093,0.018691588785046728
santa fe do sul-SP,13869,31802,25311.95,33574,1.7788319003854134e-4,0.28439286773114225,0.047619047619047616,0,0.047619047619047616,0,0,0.7619047619047619,0,0.047619047619047616,0.047619047619047616,0,0.047619047619047616
santa helena de goias-GO,14065,38743,23152.32,3832,1.6094193384439456e-4,0.03245944686798526,0,0.05263157894736842,0,0.05263157894736842,0,0.47368421052631576,0.21052631578947367,0.21052631578947367,0,0,0
santa isabel-SP,27020,56014,24355.09,33574,2.1176570242683495e-4,0.28439286773114225,0,0,0,0.12,0.04,0.84,0,0,0,0,0
santa maria-RS,100049,278445,20847.16,9336,3.642370081741561e-4,0.07908178391427724,0,0,0,0,0,0,0,1,0,0,0
santa maria de jetiba-ES,5831,39928,22325.00,1816,8.470628097073398e-5,0.015382660624285291,0,0,0,0.1,0,0.6,0,0.3,0,0,0
santa rosa-RS,34312,72753,31205.10,9336,5.082376858244039e-4,0.07908178391427724,0,0.016666666666666666,0.06666666666666667,0.03333333333333333,0.05,0.5166666666666667,0.15,0.06666666666666667,0.016666666666666666,0.06666666666666667,0.016666666666666666
santa rosa de viterbo-SP,6281,26067,27766.96,33574,1.0164753716488077e-4,0.28439286773114225,0,0,0.08333333333333333,0,0,0.5833333333333334,0,0.25,0.08333333333333333,0,0
santa vitoria-MG,8200,19646,26425.80,9290,1.5247130574732118e-4,0.07869213502181187,0,0,0.05555555555555555,0,0,0.4444444444444444,0,0.4444444444444444,0,0,0.05555555555555555
santa vitoria do palmar-RS,16246,31274,20115.97,9336,2.3717758671805514e-4,0.07908178391427724,0,0,0.03571428571428571,0.03571428571428571,0.10714285714285714,0.5,0.07142857142857142,0.25,0,0,0
santana de parnaiba-SP,65786,131887,60939.87,33574,0.0011604760492990554,0.28439286773114225,0.014598540145985401,0.021897810218978103,0.10218978102189781,0.043795620437956206,0.072992700729927,0.4744525547445255,0.0072992700729927005,0.058394160583941604,0.029197080291970802,0.10948905109489052,0.06569343065693431
santo andre-SP,78236,715231,35503.52,33574,4.404726610478167e-4,0.28439286773114225,0,0.057692307692307696,0.09615384615384616,0.07692307692307693,0.09615384615384616,0.3076923076923077,0.07692307692307693,0.038461538461538464,0.1346153846153846,0.057692307692307696,0.057692307692307696
santo angelo-RS,31783,79101,22123.39,9336,5.929439667951378e-4,0.07908178391427724,0,0.05714285714285714,0.08571428571428572,0.07142857142857142,0.04285714285714286,0.42857142857142855,0.04285714285714286,0.14285714285714285,0.02857142857142857,0.07142857142857142,0.02857142857142857
santos-SP,51751,434742,44478.22,33574,0.0044216678666723136,0.28439286773114225,0,0.022988505747126436,0.0421455938697318,0.0421455938697318,0.022988505747126436,0.6762452107279694,0.013409961685823755,0.0019157088122605363,0.08045977011494253,0.09003831417624521,0.007662835249042145
sao bento do sul-SC,56216,82842,34139.39,7714,6.607089915717251e-4,0.0653424251408242,0,0.01282051282051282,0.07692307692307693,0.08974358974358974,0.02564102564102564,0.5128205128205128,0.11538461538461539,0.0641025641025641,0.01282051282051282,0.08974358974358974,0
sao bernardo do campo-SP,98404,827437,59149.80,33574,0.006268264791834314,0.28439286773114225,0.004054054054054054,0.03513513513513514,0.03918918918918919,0.033783783783783786,0.0472972972972973,0.7162162162162162,0.051351351351351354,0.00945945945945946,0.021621621621621623,0.03513513513513514,0.006756756756756757
sao borja-RS,33285,62808,23325.87,9336,4.658845453390369e-4,0.07908178391427724,0,0,0.12727272727272726,0.07272727272727272,0.05454545454545454,0.32727272727272727,0.09090909090909091,0.2727272727272727,0.03636363636363636,0.01818181818181818,0
sao caetano do sul-SP,15335,159608,97889.94,33574,0.003151073652111304,0.28439286773114225,0.002688172043010753,0.04032258064516129,0.08870967741935484,0.08333333333333333,0.06451612903225806,0.5698924731182796,0.026881720430107527,0.005376344086021506,0.0456989247311828,0.06182795698924731,0.010752688172043012
sao carlos-SP,79971,246088,37652.04,33574,2.5411884291220196e-4,0.28439286773114225,0,0.06666666666666667,0,0.03333333333333333,0.03333333333333333,0.3,0,0.4,0.1,0.03333333333333333,0.03333333333333333
sao francisco do sul-SC,41435,50701,70087.92,7714,2.6258947100927534e-4,0.0653424251408242,0.03225806451612903,0,0.1935483870967742,0.06451612903225806,0,0.6451612903225806,0,0,0.03225806451612903,0.03225806451612903,0
sao gabriel do oeste-MS,12361,25898,42997.38,1362,1.9482444623268816e-4,0.011536995468213969,0,0.043478260869565216,0,0.13043478260869565,0,0.21739130434782608,0.043478260869565216,0.5217391304347826,0,0,0.043478260869565216
sao joao da boa vista-SP,41486,90089,26299.21,33574,6.183558510863581e-4,0.28439286773114225,0,0.0410958904109589,0.0410958904109589,0.0684931506849315,0.0136986301369863,0.6986301369863014,0,0.0136986301369863,0.0821917808219178,0.0410958904109589,0
sao joaquim da barra-SP,14557,50921,26196.32,33574,6.183558510863581e-4,0.28439286773114225,0.0273972602739726,0.0410958904109589,0.0684931506849315,0.0136986301369863,0,0.726027397260274,0.0410958904109589,0.0410958904109589,0.0136986301369863,0.0273972602739726,0
sao jose-SC,56868,239718,34181.78,7714,0.0020498919994917622,0.0653424251408242,0.004132231404958678,0.028925619834710745,0.08264462809917356,0.06198347107438017,0.012396694214876033,0.6115702479338843,0.08677685950413223,0,0.05371900826446281,0.045454545454545456,0.012396694214876033
sao jose do rio pardo-SP,18148,54734,25691.17,33574,5.929439667951378e-4,0.28439286773114225,0.014285714285714285,0.05714285714285714,0.15714285714285714,0.02857142857142857,0.014285714285714285,0.6714285714285714,0,0.02857142857142857,0,0.02857142857142857,0
sao jose do rio preto-SP,169415,450657,30548.82,33574,0.0029901317182669095,0.28439286773114225,0,0.053824362606232294,0.09348441926345609,0.059490084985835696,0.0056657223796034,0.5410764872521246,0.031161473087818695,0.05099150141643059,0.025495750708215296,0.056657223796033995,0.0821529745042493
sao jose dos campos-SP,258255,703219,40699.31,33574,0.007513447122104104,0.28439286773114225,0.002254791431792559,0.05636978579481398,0.07666290868094701,0.048478015783540024,0.0935738444193912,0.5783540022547914,0.02367531003382187,0.02142051860202931,0.03720405862457723,0.0496054114994363,0.012401352874859075
sao jose dos pinhais-PR,110511,307530,87697.29,9310,0.0020753038837829827,0.07886154758375334,0.004081632653061225,0.16326530612244897,0.09387755102040816,0.061224489795918366,0.07346938775510205,0.4,0.06938775510204082,0.036734693877551024,0.061224489795918366,0.02857142857142857,0.00816326530612245
sao leopoldo-RS,63695,230914,25958.75,9336,0.001685654991317606,0.07908178391427724,0,0.05025125628140704,0.06030150753768844,0.035175879396984924,0.01507537688442211,0.5527638190954773,0.12060301507537688,0.020100502512562814,0.05025125628140704,0.09045226130653267,0.005025125628140704
sao luis-MA,283344,1091868,21948.82,1166,0.002896954809199102,0.009876752361187582,0.005847953216374269,0.09941520467836257,0.06140350877192982,0.017543859649122806,0.03216374269005848,0.4327485380116959,0.07017543859649122,0.10818713450292397,0.038011695906432746,0.05847953216374269,0.07602339181286549
sao luiz gonzaga-RS,21835,35057,25035.45,9336,4.150607767565965e-4,0.07908178391427724,0,0.02040816326530612,0.04081632653061224,0.08163265306122448,0.02040816326530612,0.3673469387755102,0.16326530612244897,0.2653061224489796,0,0.02040816326530612,0.02040816326530612
sao manuel-SP,15640,40692,23070.26,33574,3.472957519800093e-4,0.28439286773114225,0,0.04878048780487805,0.04878048780487805,0.0975609756097561,0.024390243902439025,0.7073170731707317,0,0,0.07317073170731707,0,0
sao miguel do oeste-SC,19045,39793,32550.57,7714,3.557663800770827e-4,0.0653424251408242,0,0.07142857142857142,0.09523809523809523,0.07142857142857142,0.047619047619047616,0.47619047619047616,0,0.023809523809523808,0.023809523809523808,0.11904761904761904,0.07142857142857142
sao paulo-SP,949611,12106920,48275.45,33574,0.08385074753292956,0.28439286773114225,0.0042428528134154965,0.05162137589655521,0.05030811193049803,0.04960096979492878,0.02545711688049298,0.6065259117082533,0.04050914233760986,0.013031619355490454,0.07990706131932518,0.06606727952318416,0.01272855844024649
sao roque-SP,48645,88473,23714.89,33574,9.995341154546609e-4,0.28439286773114225,0,0.025423728813559324,0.03389830508474576,0.059322033898305086,0.025423728813559324,0.6864406779661016,0.03389830508474576,0.025423728813559324,0.05084745762711865,0.059322033898305086,0
sao sebastiao-SP,41490,85538,71810.12,33574,1.3553004955317436e-4,0.28439286773114225,0,0,0,0.125,0.25,0.375,0.0625,0.125,0.0625,0,0
sao sepe-RS,10467,24403,22467.98,9336,1.1011816526195418e-4,0.07908178391427724,0,0,0.07692307692307693,0,0.15384615384615385,0.46153846153846156,0.15384615384615385,0,0.07692307692307693,0.07692307692307693,0
sao simao-GO,10969,19697,77570.88,3832,3.388251238829359e-5,0.03245944686798526,0,0,0,0,0.25,0.5,0,0.25,0,0,0
sapiranga-RS,24692,80311,27004.76,9336,4.235314048536699e-4,0.07908178391427724,0,0.04,0.02,0.06,0,0.62,0.16,0.04,0.02,0.04,0
saquarema-RJ,87371,85175,21975.53,8616,2.6258947100927534e-4,0.0729829316843844,0,0.03225806451612903,0.06451612903225806,0.06451612903225806,0,0.6451612903225806,0.06451612903225806,0,0.0967741935483871,0.03225806451612903,0
sarzedo-MG,14520,31037,27766.69,9290,5.9294396679513786e-5,0.07869213502181187,0,0,0,0,0,1,0,0,0,0,0
senador canedo-GO,71581,105459,24459.10,3832,2.2870695862098174e-4,0.03245944686798526,0,0,0.037037037037037035,0,0,0.8148148148148148,0.1111111111111111,0.037037037037037035,0,0,0
seropedica-RJ,47509,84416,22607.97,8616,2.2870695862098174e-4,0.0729829316843844,0,0.07407407407407407,0,0,0,0.7407407407407407,0.1111111111111111,0.037037037037037035,0.037037037037037035,0,0
serra-ES,135609,502618,33039.02,1816,0.0012790648426580832,0.015382660624285291,0.019867549668874173,0.059602649006622516,0.11258278145695365,0.019867549668874173,0.026490066225165563,0.47019867549668876,0.13245033112582782,0.046357615894039736,0.0728476821192053,0.039735099337748346,0
sertaozinho-SP,47598,122643,37289.82,33574,1.0164753716488077e-4,0.28439286773114225,0,0,0,0,0,0.16666666666666666,0,0.75,0,0,0.08333333333333333
sete lagoas-MG,75562,236228,35787.37,9290,0.0011604760492990554,0.07869213502181187,0.0072992700729927005,0,0.08029197080291971,0.043795620437956206,0.021897810218978103,0.5912408759124088,0.021897810218978103,0.10948905109489052,0.021897810218978103,0.08029197080291971,0.021897810218978103
sinop-MT,74646,135874,29208.33,2361,0.0013129473550463767,0.019999152937190293,0.012903225806451613,0.025806451612903226,0.025806451612903226,0.0064516129032258064,0.012903225806451613,0.5096774193548387,0.06451612903225806,0.2838709677419355,0.012903225806451613,0.012903225806451613,0.03225806451612903
sorocaba-SP,205593,659871,42764.72,33574,0.005573673287874296,0.28439286773114225,0.001519756838905775,0.0425531914893617,0.0972644376899696,0.06534954407294832,0.025835866261398176,0.5835866261398176,0.019756838905775075,0.034954407294832825,0.03951367781155015,0.0668693009118541,0.022796352583586626
sumare-SP,71393,273007,43810.60,33574,0.0015162424293761383,0.28439286773114225,0,0.0446927374301676,0.0670391061452514,0.0223463687150838,0.027932960893854747,0.7653631284916201,0.027932960893854747,0,0.0223463687150838,0.0223463687150838,0
suzano-SP,78888,290769,32193.16,33574,0.0011350641650078354,0.28439286773114225,0.007462686567164179,0.07462686567164178,0.04477611940298507,0.029850746268656716,0.04477611940298507,0.6492537313432836,0.03731343283582089,0.022388059701492536,0.05970149253731343,0.029850746268656716,0
taboao da serra-SP,19312,279634,27899.50,33574,0.0017957731565795604,0.28439286773114225,0.009433962264150943,0.03773584905660377,0.05188679245283019,0.02358490566037736,0.03773584905660377,0.6886792452830188,0.04716981132075472,0.014150943396226415,0.04245283018867924,0.04716981132075472,0
tangara da serra-MT,48850,98828,22708.27,2361,0.0012790648426580832,0.019999152937190293,0,0.06622516556291391,0.033112582781456956,0.019867549668874173,0.006622516556291391,0.4370860927152318,0.039735099337748346,0.271523178807947,0.019867549668874173,0.039735099337748346,0.06622516556291391
tatui-SP,53252,118939,29292.24,33574,9.910634873575876e-4,0.28439286773114225,0,0.03418803418803419,0.06837606837606838,0.06837606837606838,0.05982905982905983,0.6666666666666666,0.02564102564102564,0.008547008547008548,0.017094017094017096,0.042735042735042736,0.008547008547008548
telemaco borba-PR,25863,77276,30912.90,9310,3.896488924653763e-4,0.07886154758375334,0,0.043478260869565216,0.1956521739130435,0.08695652173913043,0,0.5217391304347826,0,0.06521739130434782,0,0.08695652173913043,0
teresopolis-RJ,64318,176060,23446.27,8616,8.30121553513193e-4,0.0729829316843844,0,0.05102040816326531,0.08163265306122448,0.05102040816326531,0.01020408163265306,0.6020408163265306,0.02040816326530612,0.01020408163265306,0.10204081632653061,0.061224489795918366,0.01020408163265306
timbo-SC,34716,42801,35095.19,7714,4.91296429630257e-4,0.0653424251408242,0,0.05172413793103448,0.13793103448275862,0.034482758620689655,0.017241379310344827,0.6206896551724138,0.08620689655172414,0.017241379310344827,0.017241379310344827,0.017241379310344827,0
timoteo-MG,35334,88931,28461.27,9290,2.710600991063487e-4,0.07869213502181187,0,0.0625,0.0625,0,0.03125,0.78125,0,0.0625,0,0,0
toledo-PR,55975,135538,30826.17,9310,1.6941256194146796e-4,0.07886154758375334,0,0,0.05,0,0.05,0.05,0,0.85,0,0,0
tres coracoes-MG,23753,78999,23013.33,9290,4.150607767565965e-4,0.07869213502181187,0,0.04081632653061224,0.12244897959183673,0.04081632653061224,0.061224489795918366,0.6122448979591837,0.02040816326530612,0.08163265306122448,0,0.02040816326530612,0
tres lagoas-MS,62710,117477,59241.77,1362,8.131802973190462e-4,0.011536995468213969,0,0.03125,0.0625,0.052083333333333336,0.041666666666666664,0.4375,0.041666666666666664,0.25,0.020833333333333332,0.020833333333333332,0.041666666666666664
tres rios-RJ,24957,79402,36661.92,8616,1.3553004955317436e-4,0.0729829316843844,0,0,0.25,0.0625,0.0625,0.5,0,0.0625,0.0625,0,0
tubarao-SC,46904,104457,26219.80,7714,0.0012028291897844224,0.0653424251408242,0.014084507042253521,0.035211267605633804,0.09859154929577464,0.04929577464788732,0.02112676056338028,0.647887323943662,0.028169014084507043,0.007042253521126761,0.028169014084507043,0.07042253521126761,0
tucurui-PA,26162,110516,34923.67,1262,2.3717758671805514e-4,0.010689932658506629,0,0.03571428571428571,0,0,0,0.75,0.03571428571428571,0.14285714285714285,0,0.03571428571428571,0
tupa-SP,31161,65758,21377.80,33574,4.150607767565965e-4,0.28439286773114225,0,0,0.14285714285714285,0.061224489795918366,0,0.6530612244897959,0.02040816326530612,0.08163265306122448,0.02040816326530612,0.02040816326530612,0
uba-MG,38266,113300,21342.14,9290,4.743551734361103e-4,0.07869213502181187,0,0.017857142857142856,0.08928571428571429,0.07142857142857142,0.017857142857142856,0.6428571428571429,0.05357142857142857,0.017857142857142856,0.05357142857142857,0,0.03571428571428571
uberaba-MG,137042,328272,34509.47,9290,0.002439540891957139,0.07869213502181187,0,0.010416666666666666,0.059027777777777776,0.020833333333333332,0.013888888888888888,0.65625,0.027777777777777776,0.1076388888888889,0.024305555555555556,0.04861111111111111,0.03125
uberlandia-MG,200729,676613,39857.78,9290,0.003828723899877176,0.07869213502181187,0.00663716814159292,0.030973451327433628,0.06415929203539823,0.035398230088495575,0.024336283185840708,0.6349557522123894,0.028761061946902654,0.11504424778761062,0.017699115044247787,0.02654867256637168,0.015486725663716814
umuarama-PR,40256,109955,23093.43,9310,0.0015501249417644318,0.07886154758375334,0,0.06557377049180328,0.14207650273224043,0.09289617486338798,0.03825136612021858,0.3825136612021858,0.01639344262295082,0.13114754098360656,0.03825136612021858,0.04371584699453552,0.04918032786885246
unai-MG,34095,83980,27467.84,9290,1.6094193384439456e-4,0.07869213502181187,0,0.05263157894736842,0.05263157894736842,0.05263157894736842,0,0.5789473684210527,0.05263157894736842,0.21052631578947367,0,0,0
vacaria-RS,25871,65397,25759.85,9336,5.590614544068443e-4,0.07908178391427724,0,0,0.12121212121212122,0.06060606060606061,0.10606060606060606,0.4696969696969697,0.030303030303030304,0.19696969696969696,0,0.015151515151515152,0
valinhos-SP,62530,124024,42736.76,33574,0.0018889500656473677,0.28439286773114225,0.013452914798206279,0.013452914798206279,0.10762331838565023,0.04484304932735426,0.017937219730941704,0.6322869955156951,0.004484304932735426,0.06278026905829596,0.02242152466367713,0.07174887892376682,0.008968609865470852
vargem grande paulista-SP,32241,50346,31841.52,33574,3.727076362712295e-4,0.28439286773114225,0.022727272727272728,0.022727272727272728,0.045454545454545456,0.045454545454545456,0.09090909090909091,0.6818181818181818,0,0.022727272727272728,0.045454545454545456,0.022727272727272728,0
varginha-MG,42077,134364,31103.66,9290,8.7247469399856e-4,0.07869213502181187,0,0.009708737864077669,0.18446601941747573,0.038834951456310676,0.019417475728155338,0.6407766990291263,0.019417475728155338,0.04854368932038835,0.02912621359223301,0.009708737864077669,0
varzea grande-MT,129821,274013,20400.27,2361,5.929439667951378e-4,0.019999152937190293,0,0.04285714285714286,0.04285714285714286,0,0,0.5857142857142857,0.1,0.17142857142857143,0.014285714285714285,0.04285714285714286,0
varzea paulista-SP,29600,118917,20744.70,33574,2.8800135530049554e-4,0.28439286773114225,0,0.058823529411764705,0.029411764705882353,0,0,0.7352941176470589,0.058823529411764705,0.058823529411764705,0.029411764705882353,0.029411764705882353,0
venancio aires-RS,25711,70481,37384.46,9336,3.557663800770827e-4,0.07908178391427724,0,0.07142857142857142,0.07142857142857142,0.047619047619047616,0.07142857142857142,0.47619047619047616,0.07142857142857142,0.09523809523809523,0.047619047619047616,0.047619047619047616,0
veranopolis-RS,12254,25073,35845.88,9336,2.0329507432976154e-4,0.07908178391427724,0,0.041666666666666664,0.08333333333333333,0.16666666666666666,0.041666666666666664,0.3333333333333333,0.041666666666666664,0.08333333333333333,0,0.16666666666666666,0.041666666666666664
vespasiano-MG,37653,122365,20383.59,9290,2.0329507432976154e-4,0.07869213502181187,0,0.041666666666666664,0.08333333333333333,0,0,0.7916666666666666,0.08333333333333333,0,0,0,0
viana-ES,23348,76776,20217.10,NA,NA,NA,NA,NA,NA,NA,NA,NA,NA,NA,NA,NA,NA
videira-SC,24747,52066,32747.82,7714,7.792977849307526e-4,0.0653424251408242,0,0.07608695652173914,0.16304347826086957,0.08695652173913043,0.043478260869565216,0.42391304347826086,0.021739130434782608,0.06521739130434782,0.010869565217391304,0.07608695652173914,0.03260869565217391
vila velha-ES,74866,486388,21914.19,1816,0.0026004828258015334,0.015382660624285291,0.006514657980456026,0.048859934853420196,0.0781758957654723,0.035830618892508145,0.016286644951140065,0.5830618892508144,0.08143322475570032,0.029315960912052116,0.04560260586319218,0.05211726384364821,0.02280130293159609
vilhena-RO,56612,95630,22512.01,787,5.251789420185507e-4,0.006666384312396764,0,0.016129032258064516,0.08064516129032258,0,0,0.3548387096774194,0.06451612903225806,0.3225806451612903,0.016129032258064516,0.03225806451612903,0.11290322580645161
vinhedo-SP,53692,75129,102187.18,33574,0.0011520054212019821,0.28439286773114225,0.007352941176470588,0.051470588235294115,0.07352941176470588,0.03676470588235294,0.03676470588235294,0.5808823529411765,0.007352941176470588,0.029411764705882353,0.08823529411764706,0.08088235294117647,0.007352941176470588
vitoria-ES,55789,363140,64001.91,1816,0.00306636737114057,0.015382660624285291,0.008287292817679558,0.03038674033149171,0.07734806629834254,0.08287292817679558,0.016574585635359115,0.5220994475138122,0.049723756906077346,0.049723756906077346,0.049723756906077346,0.0856353591160221,0.027624309392265192
volta redonda-RJ,65492,265201,39740.09,8616,0.0012705942145610097,0.0729829316843844,0,0.04666666666666667,0.08666666666666667,0.06,0.006666666666666667,0.6,0.05333333333333334,0.02666666666666667,0.04666666666666667,0.06,0.013333333333333334
votorantim-SP,26601,119898,21486.65,33574,4.489432891448901e-4,0.28439286773114225,0,0.05660377358490566,0,0.07547169811320754,0,0.7735849056603774,0.03773584905660377,0.018867924528301886,0,0.018867924528301886,0.018867924528301886
votuporanga-SP,32827,92768,23909.36,33574,7.87768413027826e-4,0.28439286773114225,0.021505376344086023,0.03225806451612903,0.12903225806451613,0.021505376344086023,0.021505376344086023,0.4946236559139785,0.03225806451612903,0.043010752688172046,0,0.043010752688172046,0.16129032258064516
xangri-la-RS,21739,14650,22553.18,9336,1.1011816526195418e-4,0.07908178391427724,0,0,0.15384615384615385,0,0,0.5384615384615384,0,0,0.07692307692307693,0.23076923076923078,0
xanxere-SC,16818,49738,26976.55,7714,3.3882512388293593e-4,0.0653424251408242,0,0.025,0.125,0.1,0.075,0.225,0.1,0.1,0.075,0.15,0.025
xaxim-SC,10340,28210,29039.18,7714,1.6941256194146796e-4,0.0653424251408242,0,0.05,0.1,0.1,0.05,0.3,0.1,0.2,0.05,0.05,0
